id,type,profit,carbon,energy,failedP,inferences,time,numIntents,size,rate,limit
1,longest_carbon,8.505728032164761,0.22235455337065743,0.9228706645392717,1,96334,0.027419,5,5,0.3,normal
1,longest_profit,8.515538091163949,0.24451548634738804,0.9118486229347236,1,96469,0.027713,5,5,0.3,normal
1,random_profit,8.512179515401076,0.24457854450480812,0.917944994384853,1,114941,0.032518,5,5,0.3,normal
1,hungriest_carbon,8.490017740980628,0.26744932069525545,0.9245383206603448,1,96469,0.029433,5,5,0.3,normal
1,hungriest_profit,8.493222056915473,0.263258257789272,0.9206421558779518,1,96663,0.027736,5,5,0.3,normal
1,longest_freeHW,8.50054829835977,0.23312833735109229,0.9120287629213237,1,95944,0.027589,5,5,0.3,normal
1,random_random,8.495032187219808,0.2767834208710345,0.9184425656933524,1,94621,0.02769,5,5,0.3,normal
1,random_carbon,8.490017740980628,0.26744932069525545,0.9245383206603448,1,115087,0.031796,5,5,0.3,normal
1,hungriest_random,8.507370246467097,0.23536025652385398,0.9080887880913675,1,110022,0.031832,5,5,0.3,normal
1,longest_balanced,8.513571664664761,0.22745565689065747,0.9113531645392715,1,96030,0.027721,5,5,0.3,normal
1,hungriest_balanced,8.495032187219808,0.2767834208710345,0.9184425656933524,1,96512,0.027474,5,5,0.3,normal
1,longest_random,8.445697225342082,0.3575630984054645,0.9435746536240599,1,110195,0.032886,5,5,0.3,normal
1,hungriest_freeHW,8.488541442667517,0.2696770238663784,0.92013920024473,1,95944,0.027459,5,5,0.3,normal
1,random_balanced,8.495032187219808,0.2767834208710345,0.9184425656933524,1,114964,0.031578,5,5,0.3,normal
1,random_freeHW,8.43183714751227,0.3560532350259144,0.9457658894972591,1,114079,0.031858,5,5,0.3,normal
1,MILP,8.516296100780362,0.25315818818215796,0.9239516073802377,1,0,0.1264,5,5,0.3,normal
2,longest_profit,7.861979134214476,0.1417573596491286,0.6860625183968294,1,94798,0.027336,5,5,0.3,normal
2,longest_carbon,7.856248982880736,0.11625767232749393,0.6889206642612222,1,94661,0.027069,5,5,0.3,normal
2,longest_balanced,7.860668919990628,0.12782186208592317,0.6872195462988449,1,94440,0.027331,5,5,0.3,normal
2,hungriest_carbon,8.092322757200028,0.12828451927988918,0.65440125918858,1,95803,0.027715,5,5,0.3,normal
2,longest_freeHW,7.8529330841813945,0.1531267525643587,0.6915441172846488,1,94219,0.027316,5,5,0.3,normal
2,hungriest_freeHW,8.090378775001906,0.13955522559165803,0.6463627746188283,1,96076,0.027261,5,5,0.3,normal
2,random_profit,7.860586984950791,0.15926024726327928,0.6934543482424108,1,113076,0.0317,5,5,0.3,normal
2,random_freeHW,7.856104927454169,0.14789575113221629,0.6902777467145376,1,112873,0.031477,5,5,0.3,normal
2,hungriest_profit,6.844150495721348,0.2594051909074047,0.850888450878041,2,96868,0.027958,5,5,0.3,normal
2,hungriest_balanced,8.092322757200028,0.12372451927988914,0.6448012591885799,1,96193,0.027659,5,5,0.3,normal
2,longest_random,6.171899718432353,0.20994316491583118,0.6378578790421628,2,108141,0.031157,5,5,0.3,normal
2,random_carbon,8.09244658073281,0.12811924712869827,0.6541261019809134,1,111665,0.031672,5,5,0.3,normal
2,MILP,8.09790885223852,0.14623399244176952,0.6493481627842569,1,0,0.126184,5,5,0.3,normal
2,random_random,7.857208964996038,0.15866072816303362,0.6908480487823413,1,92770,0.028387,5,5,0.3,normal
2,hungriest_random,6.391766042405598,0.20492094858111334,0.6164283118883167,2,112654,0.031373,5,5,0.3,normal
2,random_balanced,8.096598638014672,0.12925849487856408,0.6441051906862724,1,111445,0.031658,5,5,0.3,normal
3,longest_carbon,8.505728032164761,0.22235455337065743,0.9228706645392717,1,96334,0.02764,5,5,0.3,normal
3,longest_profit,8.515538091163949,0.24451548634738804,0.9118486229347236,1,96469,0.027331,5,5,0.3,normal
3,longest_random,8.51427979379405,0.2288625045680073,0.9118785275346564,1,110061,0.031274,5,5,0.3,normal
3,longest_freeHW,8.506749716557435,0.22522373771789578,0.9152931393692276,1,95946,0.02731,5,5,0.3,normal
3,hungriest_carbon,8.490017740980628,0.26744932069525545,0.9245383206603448,1,96469,0.027533,5,5,0.3,normal
3,hungriest_freeHW,8.488541442667517,0.2696770238663784,0.92013920024473,1,95854,0.027692,5,5,0.3,normal
3,hungriest_balanced,8.495032187219808,0.2767834208710345,0.9184425656933524,1,96512,0.027357,5,5,0.3,normal
3,hungriest_profit,8.493222056915473,0.263258257789272,0.9206421558779518,1,96663,0.02741,5,5,0.3,normal
3,hungriest_random,8.488541442667517,0.2708170238663784,0.9225392002447299,1,110013,0.031184,5,5,0.3,normal
3,MILP,8.516296100780362,0.25201818818215793,0.9215516073802378,1,0,0.116756,5,5,0.3,normal
3,random_freeHW,6.026470656038324,0.2330658349524446,0.6886212852474636,2,113960,0.031761,5,5,0.3,normal
3,random_profit,8.491121778522498,0.28011429772607277,0.9291086227281484,1,115705,0.031987,5,5,0.3,normal
3,random_random,8.46385086021598,0.33441134091284486,0.9330559041731803,1,94347,0.02769,5,5,0.3,normal
3,longest_balanced,8.513571664664761,0.22745565689065747,0.9113531645392715,1,96030,0.027658,5,5,0.3,normal
3,random_carbon,8.495032187219808,0.2767834208710345,0.9184425656933524,1,115543,0.031718,5,5,0.3,normal
3,random_balanced,8.509921559830207,0.22303273628575332,0.9204267687991163,1,114612,0.031405,5,5,0.3,normal
4,longest_profit,4.479300427969191,0.10541249719814078,0.5836180077280886,3,95564,0.027131,5,5,0.3,normal
4,longest_carbon,6.853071893061498,0.20827732453994097,0.8481120670797742,2,95922,0.02725,5,5,0.3,normal
4,longest_freeHW,6.847200856351003,0.22374129487055014,0.8429711264237204,2,95493,0.027198,5,5,0.3,normal
4,longest_balanced,6.865191406376141,0.21891240365861592,0.8358984985774665,2,95719,0.027436,5,5,0.3,normal
4,hungriest_freeHW,6.865191406376143,0.21891240365861592,0.8358984985774665,2,95620,0.027586,5,5,0.3,normal
4,hungriest_carbon,6.858419338755942,0.22011633864327435,0.8434160948575518,2,96101,0.027285,5,5,0.3,normal
4,hungriest_balanced,6.883123499946727,0.1964926089615562,0.8345868093595876,2,95779,0.027082,5,5,0.3,normal
4,hungriest_profit,6.882211230502283,0.18980190237822286,0.83748403158181,2,95824,0.027288,5,5,0.3,normal
4,MILP,6.883123499946728,0.1983926089615562,0.8385868093595877,2,0,0.109695,5,5,0.3,normal
4,hungriest_random,6.866053795333459,0.22862725608452913,0.8430236549051149,2,109714,0.031466,5,5,0.3,normal
4,longest_random,4.453999207645973,0.0729120674447662,0.5880571002396267,3,109165,0.031081,5,5,0.3,normal
4,random_carbon,6.853071893061498,0.20827732453994097,0.8481120670797742,2,114373,0.031638,5,5,0.3,normal
4,random_freeHW,6.84168474521104,0.26739637839049235,0.849384929195749,2,113800,0.038144,5,5,0.3,normal
4,random_random,6.855752617980291,0.23632924606789996,0.8447789894191051,2,93478,0.028449,5,5,0.3,normal
4,random_profit,6.104401064038171,0.3473702507982279,0.6793698807414175,2,112553,0.031083,5,5,0.3,normal
4,random_balanced,6.345499334794857,0.2696020915106945,0.6216709412372697,2,111033,0.031316,5,5,0.3,normal
5,longest_freeHW,8.506749716557435,0.22522373771789578,0.9152931393692276,1,95946,0.027668,5,5,0.3,normal
5,longest_profit,8.515538091163949,0.24451548634738804,0.9118486229347236,1,96469,0.027302,5,5,0.3,normal
5,longest_carbon,8.505728032164761,0.22235455337065743,0.9228706645392717,1,96334,0.027303,5,5,0.3,normal
5,hungriest_carbon,8.48604525586196,0.2764149344497117,0.9269607280225076,1,96255,0.027283,5,5,0.3,normal
5,hungriest_freeHW,8.488541442667517,0.2696770238663784,0.92013920024473,1,95904,0.027438,5,5,0.3,normal
5,hungriest_profit,8.489249571796803,0.2722238715437282,0.9230645632401147,1,96419,0.038604,5,5,0.3,normal
5,longest_balanced,8.513571664664761,0.22745565689065747,0.9113531645392715,1,96030,0.027164,5,5,0.3,normal
5,longest_random,8.51291808082561,0.24875866908191227,0.9133453079201679,1,110230,0.031184,5,5,0.3,normal
5,random_random,6.150150678648272,0.24788910448727022,0.6499224683473526,2,92155,0.027141,5,5,0.3,normal
5,hungriest_balanced,8.49105970210114,0.2857490346254908,0.9208649730555152,1,96203,0.027892,5,5,0.3,normal
5,random_freeHW,8.50988850590072,0.25143226728296636,0.9088145609021526,1,114406,0.031678,5,5,0.3,normal
5,random_carbon,8.515538091163949,0.24489548634738806,0.9126486229347237,1,115211,0.031716,5,5,0.3,normal
5,MILP,8.516296100780364,0.25201818818215793,0.9215516073802378,1,0,0.111181,5,5,0.3,normal
5,random_profit,8.515538091163949,0.24451548634738807,0.9118486229347238,1,115143,0.031613,5,5,0.3,normal
5,random_balanced,8.5129695795702,0.21492700700480183,0.9130355554366717,1,114427,0.033069,5,5,0.3,normal
5,hungriest_random,8.459890571031542,0.333926363610463,0.9393443397578471,1,110140,0.033658,5,5,0.3,normal
6,longest_profit,6.059251997818963,0.21020703149638728,0.6891991493294414,2,97259,0.027568,5,5,0.3,normal
6,longest_carbon,6.055268060313553,0.16904788039927685,0.6873281468459453,2,96609,0.027402,5,5,0.3,normal
6,longest_freeHW,6.847200856351003,0.22374129487055014,0.8429711264237204,2,96243,0.027137,5,5,0.3,normal
6,longest_balanced,6.057200218930075,0.19107174380972067,0.6883535937738858,2,97144,0.027163,5,5,0.3,normal
6,hungriest_carbon,6.4486382087287915,0.060000861113614905,0.5727978060882291,2,95993,0.027472,5,5,0.3,normal
6,hungriest_freeHW,6.392839394364083,0.1730253115121378,0.5976684433032133,2,128300,0.032124,5,5,0.3,normal
6,hungriest_balanced,6.4486382087287915,0.060000861113614905,0.5727978060882291,2,95880,0.027179,5,5,0.3,normal
6,hungriest_profit,6.451515109451827,0.09735536963355097,0.5842962365816657,2,95250,0.027252,5,5,0.3,normal
6,MILP,6.85353030313322,0.2250298825822577,0.8595606486117795,2,0,0.095299,5,5,0.3,normal
6,random_profit,6.216728732459645,0.09378600709077585,0.6213484308995973,2,116931,0.03267,5,5,0.3,normal
6,longest_random,6.057200218930075,0.19107174380972067,0.6883535937738858,2,111220,0.031597,5,5,0.3,normal
6,hungriest_random,6.391735356822212,0.16226033448132043,0.5970981412354097,2,142759,0.036646,5,5,0.3,normal
6,random_freeHW,6.14956416469993,0.16942121319792608,0.6435579309534087,2,115795,0.031709,5,5,0.3,normal
6,random_balanced,6.213416619834035,0.05997107599832381,0.6164375246961865,2,117259,0.032186,5,5,0.3,normal
6,random_carbon,6.451822292769848,0.09222260486116285,0.5803835665514848,2,115202,0.034372,5,5,0.3,normal
6,random_random,6.389061634409331,0.1791649739118921,0.6080221438431437,2,120841,0.031937,5,5,0.3,normal
7,longest_profit,6.070777834351231,0.2162152237978878,0.6833730088370744,2,96848,0.02773,5,5,0.3,normal
7,longest_random,6.0576805250005865,0.22548903056693365,0.6879013858769222,2,109924,0.030751,5,5,0.3,normal
7,random_carbon,6.094650535565714,0.14716134751093518,0.6758811608153004,2,114432,0.031805,5,5,0.3,normal
7,longest_carbon,6.808305380693346,0.3276489110538455,0.8672251576819261,2,97047,0.027599,5,5,0.3,normal
7,hungriest_freeHW,6.399195321677913,0.20001605382754326,0.603987833196358,2,124579,0.031923,5,5,0.3,normal
7,hungriest_profit,6.463422074139128,0.09518482677756114,0.5716002161844249,2,95947,0.027114,5,5,0.3,normal
7,longest_freeHW,6.066232286629875,0.2319969817642835,0.676909248872307,2,96645,0.027658,5,5,0.3,normal
7,longest_balanced,6.070777834351231,0.2162152237978878,0.6833730088370744,2,96472,0.027465,5,5,0.3,normal
7,hungriest_random,6.336503786210036,0.32259529020943695,0.6248950549253325,2,111758,0.031665,5,5,0.3,normal
7,hungriest_balanced,6.459146193324484,0.08965085117888622,0.5722962846867325,2,95782,0.027492,5,5,0.3,normal
7,random_profit,6.227492356115084,0.09374819398492024,0.6147145717969976,2,114627,0.031512,5,5,0.3,normal
7,MILP,6.853354148945266,0.24592046600686426,0.8498686141715486,2,0,0.141089,5,5,0.3,normal
7,random_random,6.155150259738422,0.18889068635980644,0.6417048345490857,2,95495,0.027934,5,5,0.3,normal
7,hungriest_carbon,6.395001794012467,0.19933787091244737,0.6064317289365131,2,119813,0.031165,5,5,0.3,normal
7,random_freeHW,6.049720097472655,0.24985097701915251,0.6905366371803698,2,114231,0.031887,5,5,0.3,normal
7,random_balanced,6.070777834351232,0.21659522379788781,0.6841730088370743,2,114415,0.031307,5,5,0.3,normal
8,longest_profit,6.072985909434973,0.23470517785952252,0.6781136129726816,2,95320,0.027296,5,5,0.3,normal
8,longest_balanced,6.0673875736281975,0.1796829595179518,0.6751145783436376,2,95113,0.027121,5,5,0.3,normal
8,longest_random,6.1358687656852435,0.21094146596828564,0.6533727512163605,2,108160,0.030509,5,5,0.3,normal
8,longest_carbon,6.062715784400971,0.16783085456580935,0.6821657077735264,2,95250,0.027278,5,5,0.3,normal
8,hungriest_freeHW,6.385404664913031,0.18769668222659694,0.6036621454053301,2,92452,0.026632,5,5,0.3,normal
8,hungriest_balanced,6.401552038512401,0.19660051089676606,0.6022975807958074,2,92489,0.026918,5,5,0.3,normal
8,hungriest_profit,6.407138133550895,0.21606998405864644,0.6004444843914845,2,92582,0.02677,5,5,0.3,normal
8,hungriest_carbon,6.3953199347313525,0.17248449643016964,0.6021030336949964,2,92686,0.026485,5,5,0.3,normal
8,random_carbon,5.738141309242575,0.06617672602676045,0.3762654839568775,2,109588,0.030593,5,5,0.3,normal
8,random_balanced,6.0673875736281975,0.1796829595179518,0.6751145783436376,2,113704,0.032184,5,5,0.3,normal
8,MILP,6.407138133550894,0.21606998405864644,0.6004444843914843,2,0,0.081805,5,5,0.3,normal
8,random_freeHW,5.732501920238897,0.08806288742186263,0.3795285271649036,2,109534,0.030402,5,5,0.3,normal
8,hungriest_random,6.39960805631428,0.21243121720853494,0.6038590962260557,2,106968,0.030482,5,5,0.3,normal
8,random_profit,6.407138133550895,0.21606998405864644,0.6004444843914845,2,111039,0.031353,5,5,0.3,normal
8,random_random,6.149944501966294,0.2447185839548821,0.6516497983171717,2,92483,0.027288,5,5,0.3,normal
8,longest_freeHW,6.044655114186863,0.204878346307202,0.6780219584662044,2,94943,0.028084,5,5,0.3,normal
9,longest_profit,6.805287797248603,0.3377679172345514,0.8678913215843012,2,96698,0.027494,5,5,0.3,normal
9,longest_carbon,6.795477738249415,0.3152269842578208,0.8781133631888491,2,96675,0.027301,5,5,0.3,normal
9,longest_freeHW,6.044655114186863,0.204878346307202,0.6780219584662044,2,95239,0.027401,5,5,0.3,normal
9,hungriest_freeHW,6.782263633870839,0.3539638409990855,0.8737594915321445,2,96242,0.027376,5,5,0.3,normal
9,longest_balanced,6.803321370749416,0.3207080877778208,0.867395863188849,2,96217,0.027216,5,5,0.3,normal
9,hungriest_profit,6.394612257545248,0.19961484300125645,0.6085965717288466,2,97334,0.027802,5,5,0.3,normal
9,hungriest_random,6.803058864169607,0.3389869031132917,0.8670045377742341,2,110270,0.031769,5,5,0.3,normal
9,hungriest_balanced,6.393337515223974,0.184698949510567,0.607326075340836,2,97334,0.027545,5,5,0.3,normal
9,hungriest_carbon,6.788465052068503,0.346059241365889,0.8770238679800486,2,96578,0.028215,5,5,0.3,normal
9,MILP,6.815461700564936,0.32013770384689866,0.8671332906700423,2,0,0.127103,5,5,0.3,normal
9,random_profit,6.160338409997511,0.2049153685418147,0.6461115438245558,2,117001,0.032432,5,5,0.3,normal
9,longest_random,6.030746536852968,0.2385998105511195,0.6879252167451559,2,109228,0.030983,5,5,0.3,normal
9,random_carbon,6.146598498109135,0.17744273516245662,0.642296971553701,2,117181,0.031928,5,5,0.3,normal
9,random_balanced,6.393337515223974,0.184698949510567,0.6073260753408362,2,116712,0.032472,5,5,0.3,normal
9,random_random,6.03090283304782,0.24213447692608753,0.6906202653252076,2,94024,0.028,5,5,0.3,normal
9,random_freeHW,6.027574693580195,0.24383081198326195,0.6891915873152672,2,113991,0.031415,5,5,0.3,normal
10,longest_balanced,8.513571664664761,0.22745565689065747,0.9113531645392715,1,96030,0.027295,5,5,0.3,normal
10,longest_carbon,8.505728032164761,0.22235455337065743,0.9228706645392717,1,96334,0.027516,5,5,0.3,normal
10,longest_freeHW,8.50054829835977,0.23312833735109229,0.9120287629213237,1,95944,0.027217,5,5,0.3,normal
10,longest_profit,8.515538091163949,0.24451548634738804,0.9118486229347236,1,96469,0.027426,5,5,0.3,normal
10,longest_random,8.452433821059705,0.35467955934829004,0.9328845816340003,1,109725,0.030776,5,5,0.3,normal
10,random_profit,8.49105970210114,0.28688903462549076,0.9232649730555152,1,114913,0.032281,5,5,0.3,normal
10,hungriest_freeHW,8.488541442667517,0.2696770238663784,0.92013920024473,1,95944,0.027545,5,5,0.3,normal
10,hungriest_balanced,8.495032187219808,0.2767834208710345,0.9184425656933524,1,96512,0.027329,5,5,0.3,normal
10,MILP,8.516296100780362,0.25315818818215796,0.9239516073802377,1,0,0.115154,5,5,0.3,normal
10,random_carbon,8.495032187219808,0.2779234208710345,0.9208425656933523,1,115225,0.031937,5,5,0.3,normal
10,hungriest_random,8.497376455086997,0.23949933878323473,0.9156951334914348,1,110089,0.03107,5,5,0.3,normal
10,hungriest_carbon,8.490017740980628,0.26744932069525545,0.9245383206603448,1,96469,0.027757,5,5,0.3,normal
10,random_balanced,8.490017740980628,0.26744932069525545,0.9245383206603448,1,114746,0.031845,5,5,0.3,normal
10,hungriest_profit,8.493222056915473,0.263258257789272,0.9206421558779518,1,96663,0.027759,5,5,0.3,normal
10,random_freeHW,8.50054829835977,0.23312833735109229,0.9120287629213237,1,114535,0.031405,5,5,0.3,normal
10,random_random,8.495032187219806,0.27792342087103455,0.9208425656933522,1,94311,0.027723,5,5,0.3,normal
11,longest_carbon,8.510003912979405,0.22636852896933238,0.918974596036964,1,96402,0.02745,5,5,0.3,normal
11,longest_profit,6.076157752707745,0.23251417642738006,0.6832472424025704,2,96604,0.027403,5,5,0.3,normal
11,hungriest_profit,8.497497937730115,0.26917223338794694,0.9207460873756441,1,96460,0.027742,5,5,0.3,normal
11,longest_random,6.043106744020394,0.289228713448508,0.7019095498535173,2,110607,0.031171,5,5,0.3,normal
11,longest_balanced,8.517847545479405,0.23298963248933238,0.910657096036964,1,96030,0.029202,5,5,0.3,normal
11,hungriest_carbon,6.443731014995642,0.08040720156705342,0.577346949749921,2,94836,0.027066,5,5,0.3,normal
11,longest_freeHW,8.503802494781741,0.2312331286025289,0.9093102195890598,1,95883,0.027694,5,5,0.3,normal
11,hungriest_freeHW,6.3868281630890635,0.18266667493475894,0.6016472848971017,2,111747,0.029718,5,5,0.3,normal
11,random_profit,8.519627239488493,0.2483015186713406,0.9231825553124341,1,114629,0.031645,5,5,0.3,normal
11,hungriest_balanced,8.496187723506267,0.2540967358247414,0.9195031152776596,1,96260,0.027369,5,5,0.3,normal
11,MILP,8.52170728598768,0.2682382853880712,0.9269980137078863,1,0,0.114655,5,5,0.3,normal
11,hungriest_random,6.325205193260482,0.31889128427495395,0.6295523329839057,2,111654,0.031375,5,5,0.3,normal
11,random_freeHW,8.454603051536012,0.37085447344148925,0.945645198117137,1,115461,0.032033,5,5,0.3,normal
11,random_carbon,8.487821906665172,0.2848921118133111,0.9354498475581046,1,114972,0.032055,5,5,0.3,normal
11,random_balanced,8.492097787479814,0.29042608741198606,0.9347537790557969,1,114745,0.031595,5,5,0.3,normal
11,random_random,6.152710611736177,0.19492186685028517,0.6490573055728628,2,94607,0.028003,5,5,0.3,normal
12,longest_profit,6.0624238410917375,0.20649603006424486,0.6911327787593302,2,96435,0.027583,5,5,0.3,normal
12,longest_balanced,6.0584399035863274,0.1607768789671344,0.6796617762758341,2,96427,0.027267,5,5,0.3,normal
12,longest_freeHW,6.850372699623777,0.22003029343840777,0.844904755853609,2,96277,0.029166,5,5,0.3,normal
12,longest_carbon,6.0584399035863274,0.1638168789671344,0.6860617762758341,2,96540,0.027443,5,5,0.3,normal
12,hungriest_carbon,6.4486382087287915,0.060000861113614905,0.5727978060882291,2,95907,0.027159,5,5,0.3,normal
12,longest_random,6.0326806944645375,0.22814033820588048,0.6961762693114479,2,109514,0.030798,5,5,0.3,normal
12,hungriest_profit,6.453858831649949,0.07782548182178207,0.5761747211514174,2,94817,0.027085,5,5,0.3,normal
12,hungriest_freeHW,6.391735356822212,0.16226033448132043,0.5970981412354097,2,127184,0.03204,5,5,0.3,normal
12,hungriest_balanced,6.4486382087287915,0.060000861113614905,0.5727978060882291,2,95794,0.027349,5,5,0.3,normal
12,random_freeHW,6.0435510766449925,0.19563336927638472,0.6806516563984006,2,114396,0.032106,5,5,0.3,normal
12,MILP,6.856574117821442,0.2140256938052112,0.8521691323015133,2,0,0.134349,5,5,0.3,normal
12,random_carbon,6.4486382087287915,0.060000861113614905,0.5727978060882291,2,114364,0.031414,5,5,0.3,normal
12,hungriest_random,6.778613529036285,0.3476409203941814,0.8788330957919894,2,110460,0.03128,5,5,0.3,normal
12,random_balanced,6.450204895227978,0.08113987207034551,0.5806532644836813,2,114053,0.031696,5,5,0.3,normal
12,random_profit,6.218796538190548,0.07741002862781607,0.6187117582616826,2,114995,0.031773,5,5,0.3,normal
12,random_random,6.077655699554818,0.29812544177278566,0.6764301142655567,2,96925,0.02785,5,5,0.3,normal
13,longest_carbon,6.862295859974315,0.19775532509368798,0.8522539163313346,2,96541,0.027368,5,5,0.3,normal
13,longest_profit,8.515538091163949,0.24451548634738804,0.9118486229347236,1,96472,0.027495,5,5,0.3,normal
13,longest_freeHW,8.50054829835977,0.23312833735109229,0.9120287629213237,1,96327,0.027312,5,5,0.3,normal
13,longest_balanced,6.066283536086327,0.16891798248713444,0.674544276275834,2,96489,0.027259,5,5,0.3,normal
13,hungriest_profit,8.495032187219808,0.2779234208710345,0.9208425656933523,1,96904,0.028059,5,5,0.3,normal
13,hungriest_carbon,6.442626977453772,0.06964222453623606,0.5767766476821173,2,95359,0.027125,5,5,0.3,normal
13,hungriest_random,6.3868281630890635,0.18266667493475894,0.6016472848971017,2,134646,0.034814,5,5,0.3,normal
13,MILP,8.518811359182125,0.2714553774714045,0.9251795414856641,1,0,0.09848,5,5,0.3,normal
13,hungriest_freeHW,6.391735356822212,0.16226033448132043,0.5970981412354097,2,119566,0.031039,5,5,0.3,normal
13,random_profit,6.461465851172722,0.08116278790963966,0.5803096005813063,2,113465,0.031764,5,5,0.3,normal
13,hungriest_balanced,8.495032187219808,0.2779234208710345,0.9208425656933523,1,96399,0.027361,5,5,0.3,normal
13,longest_random,8.434957492040455,0.38427389567088244,0.9440092714106443,1,110155,0.030739,5,5,0.3,normal
13,random_freeHW,8.428789127772278,0.36111896430686596,0.9467571028597039,1,114300,0.031885,5,5,0.3,normal
13,random_carbon,6.098156165995659,0.10887987609514983,0.6590299768341119,2,114586,0.036202,5,5,0.3,normal
13,random_balanced,8.495032187219808,0.2767834208710345,0.9184425656933524,1,114948,0.031932,5,5,0.3,normal
13,random_random,8.459403657729332,0.37656774606665944,0.9508779356151111,1,94167,0.031194,5,5,0.3,normal
14,longest_profit,4.421706273157108,0.21236215691602056,0.6136193038371636,3,97561,0.027501,5,5,0.3,normal
14,longest_carbon,4.417920104021491,0.16685176328261703,0.6061159342713078,3,96096,0.02735,5,5,0.3,normal
14,longest_balanced,4.421706273157108,0.21236215691602056,0.6136193038371636,3,96228,0.027114,5,5,0.3,normal
14,hungriest_carbon,4.744620018594495,0.1815493064673747,0.5378350518386177,3,117397,0.03067,5,5,0.3,normal
14,longest_freeHW,4.398755396265512,0.1976942779931924,0.6110018828961822,3,95080,0.027338,5,5,0.3,normal
14,hungriest_freeHW,4.744620018594495,0.1815493064673747,0.5378350518386177,3,117586,0.033406,5,5,0.3,normal
14,random_profit,6.145972016847626,0.2540641977093383,0.6548722056793347,2,115172,0.031845,5,5,0.3,normal
14,hungriest_profit,4.7531717802237825,0.1880572576647245,0.5268429148340024,3,124951,0.031617,5,5,0.3,normal
14,random_carbon,6.030854962555967,0.2650556068620115,0.7090180804764713,2,113601,0.031488,5,5,0.3,normal
14,hungriest_balanced,4.7531717802237825,0.1880572576647245,0.5268429148340024,3,124545,0.031642,5,5,0.3,normal
14,longest_random,4.3838990775846,0.2230454315812605,0.6206298876873817,3,109000,0.030924,5,5,0.3,normal
14,random_freeHW,6.030854962555967,0.26201560686201153,0.7026180804764712,2,114667,0.031595,5,5,0.3,normal
14,random_random,5.9921259426605715,0.35680063673703233,0.7205379332894448,2,94544,0.027702,5,5,0.3,normal
14,MILP,6.348925067420467,0.30439395986314655,0.6259018474406807,2,0,0.136653,5,5,0.3,normal
14,random_balanced,4.567372846486117,0.0844250864890365,0.5507745315794796,3,114186,0.031797,5,5,0.3,normal
14,hungriest_random,6.3396756294828105,0.3188842887772946,0.6268286843552213,2,116147,0.031966,5,5,0.3,normal
15,longest_freeHW,6.0630604433571005,0.2360879831964259,0.6757756194424183,2,96297,0.027275,5,5,0.3,normal
15,longest_profit,4.480404465511061,0.1157974742289581,0.5833883097958922,3,95380,0.027633,5,5,0.3,normal
15,longest_balanced,4.478196390427321,0.09730752016732341,0.588647705660285,3,95771,0.027094,5,5,0.3,normal
15,longest_carbon,4.472342415560799,0.06817310499687962,0.5837810087323442,3,95456,0.027463,5,5,0.3,normal
15,hungriest_profit,4.806902788857586,0.09406878572916141,0.5102089502569329,3,104094,0.028939,5,5,0.3,normal
15,longest_random,4.469170572288026,0.07340410642902205,0.5850473793024554,3,109508,0.031011,5,5,0.3,normal
15,hungriest_carbon,4.801522870501073,0.07928983309966917,0.5135347166914369,3,101331,0.028193,5,5,0.3,normal
15,hungriest_random,6.859006814402261,0.23329403731933657,0.8396604460868413,2,109807,0.031109,5,5,0.3,normal
15,hungriest_balanced,4.8057987513157165,0.08330380869834408,0.5096386481891293,3,103757,0.028728,5,5,0.3,normal
15,MILP,6.864775266069774,0.2486270809586798,0.8529354847506964,2,0,0.125606,5,5,0.3,normal
15,random_freeHW,6.161749630857402,0.2105475808002439,0.6427691758621785,2,116247,0.031888,5,5,0.3,normal
15,hungriest_freeHW,6.396023478405139,0.20220705525968571,0.5988542037664693,2,129766,0.032533,5,5,0.3,normal
15,random_carbon,6.041720168777804,0.24045520712418447,0.6977590886003182,2,114653,0.031662,5,5,0.3,normal
15,random_profit,6.162997723825839,0.19081447902633894,0.6443823954766668,2,116659,0.03227,5,5,0.3,normal
15,random_random,4.3394813429320545,0.30221014047072653,0.6370125518214225,3,93658,0.028011,5,5,0.3,normal
15,random_balanced,6.399401498359891,0.2058465743599314,0.607860503226539,2,114412,0.031336,5,5,0.3,normal
16,longest_profit,8.515538091163949,0.24451548634738804,0.9118486229347236,1,96469,0.02763,5,5,0.3,normal
16,longest_carbon,8.505728032164761,0.22235455337065743,0.9228706645392717,1,96334,0.027794,5,5,0.3,normal
16,longest_balanced,8.513571664664761,0.22745565689065747,0.9113531645392715,1,96030,0.027111,5,5,0.3,normal
16,longest_freeHW,8.50054829835977,0.23312833735109229,0.9120287629213237,1,95854,0.031903,5,5,0.3,normal
16,longest_random,8.49448035428537,0.27777123956865274,0.9182122512780193,1,109743,0.03115,5,5,0.3,normal
16,hungriest_profit,8.493222056915473,0.263258257789272,0.9206421558779518,1,96663,0.027604,5,5,0.3,normal
16,hungriest_carbon,8.490017740980628,0.26744932069525545,0.9245383206603448,1,96469,0.027674,5,5,0.3,normal
16,hungriest_freeHW,8.488541442667517,0.2696770238663784,0.92013920024473,1,95854,0.027308,5,5,0.3,normal
16,random_profit,8.095587157154782,0.12144710112013483,0.6440875586486496,1,111715,0.030919,5,5,0.3,normal
16,MILP,8.516296100780362,0.25201818818215793,0.9215516073802378,1,0,0.125905,5,5,0.3,normal
16,random_balanced,8.510127736512187,0.22886325681814146,0.9242994388292973,1,114792,0.031495,5,5,0.3,normal
16,hungriest_random,8.495032187219808,0.2767834208710345,0.9184425656933524,1,110238,0.03111,5,5,0.3,normal
16,random_freeHW,8.078141810099844,0.13188052006645065,0.6466612821935547,1,111335,0.031181,5,5,0.3,normal
16,hungriest_balanced,8.495032187219808,0.2767834208710345,0.9184425656933524,1,96512,0.027406,5,5,0.3,normal
16,random_carbon,7.846593183709578,0.09404474409932675,0.6889424991980339,1,113184,0.031511,5,5,0.3,normal
16,random_random,8.481542340370082,0.29615937825902366,0.9416379468201747,1,94341,0.028309,5,5,0.3,normal
17,longest_carbon,6.795477738249415,0.3152269842578208,0.8781133631888491,2,96783,0.027426,5,5,0.3,normal
17,longest_profit,8.45863523925737,0.34943495971509353,0.9417489580819044,1,96398,0.027435,5,5,0.3,normal
17,hungriest_carbon,6.791621530719942,0.3451107232616946,0.8840372276731192,2,95763,0.027427,5,5,0.3,normal
17,longest_freeHW,6.124849458325053,0.21538867473389559,0.6543615608588906,2,94059,0.027494,5,5,0.3,normal
17,longest_random,6.792349783333314,0.34817605592492235,0.8745170171264566,2,110540,0.030964,5,5,0.3,normal
17,longest_balanced,6.803321370749416,0.32146808777782077,0.868995863188849,2,96490,0.030896,5,5,0.3,normal
17,hungriest_profit,6.801118034455743,0.36998931956853676,0.889918074234,2,95648,0.027759,5,5,0.3,normal
17,hungriest_random,8.440698224677497,0.34671720160343095,0.9415461782883363,1,110338,0.03114,5,5,0.3,normal
17,MILP,8.45863523925737,0.3494349597150936,0.9417489580819043,1,0,0.124002,5,5,0.3,normal
17,hungriest_freeHW,8.435062323138936,0.3666090544252965,0.9461445834971365,1,96878,0.02811,5,5,0.3,normal
17,random_random,8.442623762060519,0.3309986263715595,0.9407066232385483,1,94551,0.027695,5,5,0.3,normal
17,hungriest_balanced,6.793515632430935,0.32926416279250564,0.8860980907927416,2,95641,0.028055,5,5,0.3,normal
17,random_profit,6.797001449076456,0.36444967589118693,0.8903114612386153,2,114237,0.031638,5,5,0.3,normal
17,random_carbon,6.396058500155888,0.18084462100727378,0.6063033472303115,2,112412,0.033284,5,5,0.3,normal
17,random_balanced,6.397399981230539,0.19546126314690027,0.6123184920904485,2,112364,0.03148,5,5,0.3,normal
17,random_freeHW,6.067946606418474,0.3176481481016011,0.6786618960060713,2,112493,0.030956,5,5,0.3,normal
18,longest_carbon,8.506419335070266,0.2176643670204831,0.9171697035773774,1,96396,0.027344,5,5,0.3,normal
18,longest_balanced,8.514262967570264,0.22276547054048315,0.9056522035773773,1,96099,0.027258,5,5,0.3,normal
18,longest_profit,8.516229394069452,0.23982529999721375,0.9061476619728295,1,96538,0.028355,5,5,0.3,normal
18,hungriest_random,8.491860343947033,0.2820144223031769,0.9197089362634635,1,110303,0.030872,5,5,0.3,normal
18,hungriest_freeHW,8.492513927786185,0.26071141011192217,0.9177167928825671,1,95903,0.027912,5,5,0.3,normal
18,longest_random,8.50744101946294,0.22053355136772146,0.9095921784073335,1,109969,0.03165,5,5,0.3,normal
18,longest_freeHW,8.50744101946294,0.22053355136772146,0.9095921784073335,1,95914,0.027426,5,5,0.3,normal
18,hungriest_balanced,8.53329909868272,0.2099706528742408,0.9025108164273021,1,96259,0.027494,5,5,0.3,normal
18,hungriest_carbon,8.528284652443542,0.20063655269846173,0.9086065713942948,1,96259,0.027888,5,5,0.3,normal
18,hungriest_profit,8.531488968378385,0.19644548979247822,0.9047104066119017,1,96439,0.027676,5,5,0.3,normal
18,random_profit,8.516229394069452,0.23982529999721375,0.9061476619728295,1,115129,0.031931,5,5,0.3,normal
18,random_freeHW,8.494480354285372,0.27815123956865273,0.9190122512780192,1,114336,0.032159,5,5,0.3,normal
18,random_random,8.471761064408875,0.324042667627204,0.9388150347909754,1,94254,0.028127,5,5,0.3,normal
18,MILP,8.5335052753647,0.2199811734066289,0.9151834864574832,1,0,0.087773,5,5,0.3,normal
18,random_carbon,8.506419335070266,0.21614436702048312,0.9139697035773773,1,115095,0.032191,5,5,0.3,normal
18,random_balanced,8.514262967570266,0.22276547054048312,0.9056522035773773,1,114737,0.031677,5,5,0.3,normal
19,longest_profit,8.45863523925737,0.34677495971509353,0.9361489580819043,1,96534,0.027678,5,5,0.3,normal
19,longest_carbon,8.448825180258183,0.324614026738363,0.9471709996864524,1,96397,0.027324,5,5,0.3,normal
19,longest_freeHW,8.428789127772278,0.360738964306866,0.9459571028597038,1,95836,0.027374,5,5,0.3,normal
19,hungriest_profit,8.442520623206557,0.35685313152378095,0.9466068674730366,1,96439,0.027594,5,5,0.3,normal
19,hungriest_freeHW,8.4412637413366,0.3556644547921,0.9430089599450406,1,95800,0.027696,5,5,0.3,normal
19,longest_balanced,8.456668812758183,0.32971513025836297,0.9356534996864523,1,96095,0.027613,5,5,0.3,normal
19,longest_random,8.453101061072827,0.3255880023370379,0.9368749311841447,1,110156,0.030736,5,5,0.3,normal
19,hungriest_random,8.43614446399894,0.36513519586190696,0.9493694028255408,1,110217,0.031065,5,5,0.3,normal
19,random_profit,8.444330753510894,0.37037829460554356,0.9444072772884371,1,115019,0.031714,5,5,0.3,normal
19,random_carbon,8.45301870792363,0.32529220965345884,0.9447271039462972,1,115119,0.031643,5,5,0.3,normal
19,MILP,8.469567152190118,0.3366474481622107,0.9450939116131596,1,0,0.09244,5,5,0.3,normal
19,random_freeHW,6.129125339139697,0.2209226503325705,0.653665492356583,2,112615,0.031091,5,5,0.3,normal
19,hungriest_carbon,8.439316307271714,0.3610441944297645,0.9505030322554295,1,96281,0.027576,5,5,0.3,normal
19,hungriest_balanced,8.444330753510894,0.37037829460554356,0.9444072772884371,1,96198,0.027659,5,5,0.3,normal
19,random_random,8.432043324194249,0.3588437555583025,0.9432385595274402,1,93872,0.027676,5,5,0.3,normal
19,random_balanced,8.456066727663622,0.31718648037250735,0.9373358905838525,1,114522,0.031292,5,5,0.3,normal
20,longest_carbon,6.0584399035863274,0.1638168789671344,0.6860617762758341,2,96536,0.027391,5,5,0.3,normal
20,longest_profit,6.8653624924279555,0.22989744243470345,0.8415246158670091,2,96743,0.027783,5,5,0.3,normal
20,hungriest_profit,8.495238363901786,0.28337394140342265,0.9239152357235332,1,96566,0.027236,5,5,0.3,normal
20,hungriest_carbon,8.490017740980628,0.26744932069525545,0.9245383206603448,1,96469,0.027303,5,5,0.3,normal
20,longest_freeHW,8.50054829835977,0.23312833735109229,0.9120287629213237,1,95944,0.027385,5,5,0.3,normal
20,random_freeHW,8.448949003790963,0.3255887545871721,0.9492958424787857,1,115172,0.031819,5,5,0.3,normal
20,longest_random,6.060082117888662,0.17682258212033095,0.6712798998279299,2,110608,0.033818,5,5,0.3,normal
20,hungriest_freeHW,8.482873412589186,0.28050593588185413,0.9258270985926189,1,96088,0.027509,5,5,0.3,normal
20,longest_balanced,6.066283536086327,0.16891798248713444,0.674544276275834,2,96394,0.027158,5,5,0.3,normal
20,MILP,8.516296100780364,0.24935818818215796,0.9159516073802376,1,0,0.110378,5,5,0.3,normal
20,hungriest_random,8.501702216388768,0.24694916853932972,0.9153766864392565,1,110115,0.031479,5,5,0.3,normal
20,random_carbon,8.48886382295163,0.25932848950701803,0.9331903971424118,1,115601,0.031974,5,5,0.3,normal
20,random_random,6.065680453695438,0.2318448004619017,0.674278934456974,2,94771,0.028067,5,5,0.3,normal
20,hungriest_balanced,8.495032187219808,0.2767834208710345,0.9184425656933524,1,96512,0.028216,5,5,0.3,normal
20,random_profit,8.512179515401076,0.2449585445048081,0.9187449943848529,1,114957,0.031827,5,5,0.3,normal
20,random_balanced,6.225170661031344,0.07010130266328554,0.6118539676613903,2,115868,0.031827,5,5,0.3,normal
21,longest_carbon,8.512471458710309,0.21237336900637258,0.9225779233990491,1,96355,0.027543,5,5,0.3,normal
21,longest_profit,8.522087954391475,0.24406400401549133,0.921988551824682,1,96357,0.027415,5,5,0.3,normal
21,longest_freeHW,8.503802494781741,0.2312331286025289,0.9093102195890598,1,95793,0.027167,5,5,0.3,normal
21,longest_random,8.456015228919032,0.3540581424496178,0.9440456430673487,1,110280,0.03088,5,5,0.3,normal
21,hungriest_profit,8.493525452611447,0.2781378471424031,0.9231684947378072,1,96243,0.027508,5,5,0.3,normal
21,hungriest_carbon,6.385724125547194,0.17190169790394158,0.6010769828292981,2,117932,0.030714,5,5,0.3,normal
21,hungriest_freeHW,6.385724125547194,0.17190169790394158,0.6010769828292981,2,117853,0.030552,5,5,0.3,normal
21,hungriest_random,8.488541442667517,0.2708170238663784,0.9225392002447299,1,110360,0.031261,5,5,0.3,normal
21,MILP,8.524603212793236,0.2604611933047379,0.9192164859301086,1,0,0.08351,5,5,0.3,normal
21,random_profit,6.38724089772543,0.20116183831575057,0.6143185479267995,2,141654,0.035969,5,5,0.3,normal
21,random_freeHW,8.457376941887471,0.3311219779357128,0.936178862681837,1,114500,0.031633,5,5,0.3,normal
21,longest_balanced,8.517847545479405,0.23298963248933238,0.910657096036964,1,96034,0.027206,5,5,0.3,normal
21,random_carbon,6.207405388559016,0.06961243942094497,0.6204163662900748,2,116037,0.031693,5,5,0.3,normal
21,hungriest_balanced,8.494231545373912,0.2820380331933483,0.922798602485404,1,95941,0.027468,5,5,0.3,normal
21,random_random,8.451898643539746,0.351178498772268,0.950039030071964,1,94957,0.027734,5,5,0.3,normal
21,random_balanced,8.521881777709496,0.23709348348310316,0.9157158817945013,1,114616,0.034209,5,5,0.3,normal
22,longest_profit,6.8653624924279555,0.22989744243470345,0.8415246158670091,2,96743,0.027424,5,5,0.3,normal
22,longest_carbon,6.0584399035863274,0.1638168789671344,0.6860617762758341,2,96536,0.027206,5,5,0.3,normal
22,longest_freeHW,8.50054829835977,0.23312833735109229,0.9120287629213237,1,95944,0.027485,5,5,0.3,normal
22,longest_random,6.045225799207749,0.20217373570839914,0.6809079046191295,2,110408,0.031352,5,5,0.3,normal
22,longest_balanced,6.066283536086327,0.16891798248713444,0.674544276275834,2,96394,0.035608,5,5,0.3,normal
22,hungriest_carbon,8.490017740980628,0.26744932069525545,0.9245383206603448,1,96469,0.027353,5,5,0.3,normal
22,hungriest_random,8.50054829835977,0.2331283373510923,0.9120287629213235,1,110425,0.030903,5,5,0.3,normal
22,hungriest_balanced,6.844856588483814,0.26254537695834995,0.8489185586256378,2,96755,0.027536,5,5,0.3,normal
22,MILP,8.515192063238494,0.2397332111513406,0.917781305312434,1,0,0.098937,5,5,0.3,normal
22,hungriest_profit,8.494134326359916,0.27298896437260534,0.9241449336557295,1,96572,0.027542,5,5,0.3,normal
22,hungriest_freeHW,8.48604525586196,0.2764149344497117,0.9269607280225076,1,96195,0.027923,5,5,0.3,normal
22,random_random,8.451893812386503,0.3403161725630165,0.9508106222040338,1,94139,0.027528,5,5,0.3,normal
22,random_freeHW,6.044498817992011,0.20286367993223398,0.6785269098861526,2,114278,0.031354,5,5,0.3,normal
22,random_balanced,6.225170661031344,0.07010130266328554,0.6118539676613903,2,116040,0.032255,5,5,0.3,normal
22,random_carbon,6.098156165995659,0.10887987609514983,0.6590299768341119,2,114650,0.03135,5,5,0.3,normal
22,random_profit,6.068491611170067,0.1938679365487691,0.6828848804114414,2,117196,0.034493,5,5,0.3,normal
23,longest_carbon,4.408128657735951,0.18759867692785342,0.619399888773975,3,96556,0.027353,5,5,0.3,normal
23,longest_profit,4.403979018427176,0.21577856424771663,0.6193810678816265,3,98906,0.027782,5,5,0.3,normal
23,longest_freeHW,6.053404644185942,0.21995505496825873,0.6885974543792298,2,95879,0.027257,5,5,0.3,normal
23,longest_random,6.048930995001506,0.21079232190587693,0.6781258899638967,2,109423,0.030603,5,5,0.3,normal
23,hungriest_profit,6.090176886381277,0.1433186144485534,0.6766095963999674,2,96536,0.027727,5,5,0.3,normal
23,hungriest_freeHW,6.037246519593367,0.2350924740618027,0.695287524184985,2,97295,0.030126,5,5,0.3,normal
23,random_profit,4.10026372831586,0.05681991891158412,0.30898232314690294,3,149836,0.03748,5,5,0.3,normal
23,longest_balanced,4.408128657735951,0.18759867692785342,0.619399888773975,3,96383,0.027526,5,5,0.3,normal
23,random_carbon,4.801522870501073,0.07928983309966917,0.5135347166914369,3,113689,0.0331,5,5,0.3,normal
23,MILP,6.4516984692370665,0.09390787701235376,0.5838587237591514,2,0,0.109062,5,5,0.3,normal
23,hungriest_balanced,4.801522870501073,0.07928983309966917,0.5135347166914369,3,94934,0.027323,5,5,0.3,normal
23,hungriest_carbon,4.801522870501073,0.07928983309966917,0.5135347166914369,3,94980,0.027371,5,5,0.3,normal
23,hungriest_random,4.801522870501073,0.07928983309966917,0.5135347166914369,3,109419,0.031501,5,5,0.3,normal
23,random_random,6.0396523630468995,0.2549311855871442,0.696395761238233,2,93790,0.027657,5,5,0.3,normal
23,random_freeHW,6.387902896227319,0.20876213636343008,0.6105956434203222,2,146250,0.036871,5,5,0.3,normal
23,random_balanced,6.090176886381277,0.14331861444855337,0.6766095963999674,2,115929,0.031916,5,5,0.3,normal
24,longest_profit,8.518709934436721,0.24232448491524558,0.9169822523646125,1,96399,0.027545,5,5,0.3,normal
24,longest_balanced,8.517847545479405,0.23298963248933238,0.910657096036964,1,96189,0.027137,5,5,0.3,normal
24,hungriest_carbon,8.496085511058958,0.25748122717977967,0.9218904223124558,1,96567,0.027594,5,5,0.3,normal
24,longest_freeHW,8.50054829835977,0.23312833735109229,0.9120287629213237,1,95944,0.027056,5,5,0.3,normal
24,longest_random,8.512508516239057,0.2471890845484421,0.9073178759167084,1,110088,0.037923,5,5,0.3,normal
24,longest_carbon,8.505728032164761,0.22235455337065743,0.9228706645392717,1,96336,0.029167,5,5,0.3,normal
24,MILP,8.520327331978592,0.25644721770606294,0.9231125544324162,1,0,0.089831,5,5,0.3,normal
24,hungriest_profit,8.488946176100828,0.25658428219059704,0.9189382243802593,1,96962,0.027835,5,5,0.3,normal
24,hungriest_freeHW,8.488541442667517,0.2696770238663784,0.92013920024473,1,95944,0.036393,5,5,0.3,normal
24,hungriest_balanced,8.491860343947033,0.2820144223031769,0.9197089362634635,1,96384,0.029384,5,5,0.3,normal
24,random_balanced,8.49091560184052,0.2769437771936847,0.9308359526979675,1,114719,0.03176,5,5,0.3,normal
24,random_profit,8.093632971423876,0.13766001684309462,0.6436442312865644,1,111836,0.031122,5,5,0.3,normal
24,hungriest_random,8.511646127281741,0.2408942321225289,0.9073927195890599,1,110349,0.03286,5,5,0.3,normal
24,random_freeHW,7.733540804954943,0.16448349825778746,0.7326755554715665,1,113908,0.031662,5,5,0.3,normal
24,random_random,8.082918810146206,0.1048395062454352,0.6458730826578801,1,91309,0.028411,5,5,0.3,normal
24,random_carbon,8.086090653418978,0.09960850481329275,0.6446067120877689,1,111722,0.031351,5,5,0.3,normal
25,longest_profit,4.419420049975944,0.1922948696669019,0.6179311754115304,3,94735,0.027113,5,5,0.3,normal
25,longest_carbon,4.40509246157756,0.15442983648659225,0.6170041397782309,3,94713,0.026931,5,5,0.3,normal
25,longest_balanced,4.41293609407756,0.16067094000659227,0.6078866397782308,3,94589,0.027004,5,5,0.3,normal
25,longest_freeHW,6.0435510766449925,0.19563336927638472,0.6806516563984006,2,95099,0.027031,5,5,0.3,normal
25,longest_random,4.384034724698982,0.18768558970785693,0.6233677681215262,3,108669,0.030404,5,5,0.3,normal
25,hungriest_carbon,4.742663795628089,0.1584072675994532,0.5273444362354989,3,93183,0.026655,5,5,0.3,normal
25,hungriest_profit,4.747884418549247,0.17775188830762034,0.5339213512986873,3,93204,0.026835,5,5,0.3,normal
25,MILP,6.16640618007584,0.19456727502633894,0.6426636454766669,2,0,0.101988,5,5,0.3,normal
25,hungriest_random,4.735771074524921,0.171002053582824,0.5297810207494891,3,106474,0.030152,5,5,0.3,normal
25,hungriest_balanced,4.748895899409138,0.1855632820660496,0.53393898333631,3,93151,0.026776,5,5,0.3,normal
25,random_profit,6.16640618007584,0.19456727502633892,0.6426636454766669,2,112810,0.03126,5,5,0.3,normal
25,random_carbon,4.742663795628089,0.1584072675994532,0.5273444362354989,3,111792,0.033024,5,5,0.3,normal
25,hungriest_freeHW,4.742663795628089,0.1584072675994532,0.5273444362354989,3,93029,0.026468,5,5,0.3,normal
25,random_random,6.161893686283969,0.1789095019955216,0.6414120934088632,2,92347,0.027956,5,5,0.3,normal
25,random_freeHW,4.3773990948442005,0.22921276807057736,0.6188675802475526,3,113189,0.031941,5,5,0.3,normal
25,random_balanced,6.032718378683577,0.20920843229302963,0.6973487729431868,2,113631,0.033985,5,5,0.3,normal
26,longest_profit,6.86429392678866,0.2234720694764021,0.8497267895091797,2,97624,0.027651,5,5,0.3,normal
26,longest_freeHW,8.503720141632545,0.22941733591894992,0.9139623923512123,1,96057,0.027144,5,5,0.3,normal
26,longest_carbon,6.0584399035863274,0.1638168789671344,0.6860617762758341,2,96536,0.027028,5,5,0.3,normal
26,longest_random,8.50992155983021,0.22151273628575335,0.9172267687991165,1,110006,0.030757,5,5,0.3,normal
26,hungriest_balanced,6.456824498240744,0.06562395985725154,0.5686356805511253,2,95910,0.02732,5,5,0.3,normal
26,hungriest_freeHW,6.391735356822212,0.16226033448132043,0.5970981412354097,2,127186,0.032075,5,5,0.3,normal
26,longest_balanced,6.066283536086327,0.16891798248713444,0.674544276275834,2,96398,0.027335,5,5,0.3,normal
26,hungriest_carbon,6.4486382087287915,0.060000861113614905,0.5727978060882291,2,95911,0.027492,5,5,0.3,normal
26,hungriest_profit,6.461306555737367,0.07660845598831457,0.5710122820789987,2,95916,0.027169,5,5,0.3,normal
26,MILP,8.514073617112071,0.22759198403561914,0.9176058575044753,1,0,0.096406,5,5,0.3,normal
26,hungriest_random,6.399921646334166,0.16788343322495705,0.592936015698306,2,142596,0.036132,5,5,0.3,normal
26,random_balanced,6.094588414310303,0.10475274817382474,0.6602514083318042,2,114301,0.031701,5,5,0.3,normal
26,random_freeHW,6.391735356822212,0.16226033448132043,0.5970981412354097,2,140733,0.036065,5,5,0.3,normal
26,random_carbon,8.509921559830207,0.22341273628575334,0.9212267687991164,1,114916,0.031619,5,5,0.3,normal
26,random_profit,6.101072370208687,0.13333667783413433,0.6638959439651039,2,114909,0.031615,5,5,0.3,normal
26,random_random,6.456824498240744,0.06562395985725154,0.5686356805511253,2,94055,0.027816,5,5,0.3,normal
27,longest_carbon,8.505728032164761,0.22235455337065743,0.9228706645392717,1,96338,0.027529,5,5,0.3,normal
27,longest_profit,8.515538091163949,0.24451548634738804,0.9118486229347236,1,96473,0.027408,5,5,0.3,normal
27,longest_balanced,8.513571664664761,0.22745565689065747,0.9113531645392715,1,96034,0.027607,5,5,0.3,normal
27,longest_freeHW,8.50054829835977,0.23312833735109229,0.9120287629213237,1,95948,0.027446,5,5,0.3,normal
27,hungriest_profit,8.493222056915473,0.263258257789272,0.9206421558779518,1,96667,0.027483,5,5,0.3,normal
27,hungriest_carbon,8.490017740980628,0.26744932069525545,0.9245383206603448,1,96473,0.027476,5,5,0.3,normal
27,hungriest_balanced,8.495032187219808,0.2767834208710345,0.9184425656933524,1,96516,0.027471,5,5,0.3,normal
27,hungriest_random,8.438597946284524,0.36243324154023177,0.9476126451385329,1,110099,0.031292,5,5,0.3,normal
27,hungriest_freeHW,8.488541442667517,0.2696770238663784,0.92013920024473,1,95948,0.0274,5,5,0.3,normal
27,random_balanced,6.227492356115084,0.09374819398492024,0.6147145717969976,2,117335,0.031878,5,5,0.3,normal
27,random_freeHW,8.435611075879606,0.36335088347962763,0.9428171280297477,1,114302,0.031766,5,5,0.3,normal
27,longest_random,8.503802494781741,0.2312331286025289,0.9093102195890598,1,109667,0.031318,5,5,0.3,normal
27,MILP,8.516296100780362,0.25315818818215796,0.9239516073802377,1,0,0.113101,5,5,0.3,normal
27,random_profit,8.491121778522498,0.28011429772607277,0.9291086227281484,1,115736,0.03214,5,5,0.3,normal
27,random_carbon,8.505728032164761,0.22083455337065744,0.9196706645392716,1,115016,0.031685,5,5,0.3,normal
27,random_random,8.485691979678856,0.2645594909391604,0.9344567677125231,1,94386,0.028323,5,5,0.3,normal
28,longest_profit,6.862190649155181,0.23550844386684588,0.8435909864371205,2,96631,0.027712,5,5,0.3,normal
28,hungriest_profit,6.451515109451827,0.09735536963355097,0.5842962365816657,2,95253,0.027197,5,5,0.3,normal
28,longest_carbon,6.852380590155994,0.21296751089011529,0.8538130280416684,2,96610,0.027307,5,5,0.3,normal
28,longest_freeHW,6.044655114186863,0.204878346307202,0.6780219584662044,2,96304,0.027676,5,5,0.3,normal
28,random_profit,6.451515109451827,0.09735536963355097,0.5842962365816657,2,114293,0.031822,5,5,0.3,normal
28,hungriest_balanced,6.839166485777417,0.25170436763138,0.8494591563849638,2,96617,0.027569,5,5,0.3,normal
28,longest_random,6.032970638778723,0.22955849846312773,0.6959835926872926,2,111147,0.03098,5,5,0.3,normal
28,MILP,6.862190649155181,0.23968844386684587,0.8523909864371204,2,0,0.088519,5,5,0.3,normal
28,hungriest_random,6.394647729447823,0.19863444707377245,0.6061690474388206,2,134569,0.034675,5,5,0.3,normal
28,longest_balanced,6.057200218930075,0.19107174380972067,0.6883535937738858,2,97147,0.027644,5,5,0.3,normal
28,hungriest_freeHW,6.835194000658749,0.2606699813858362,0.8518815637471266,2,96225,0.027805,5,5,0.3,normal
28,hungriest_carbon,6.839166485777417,0.25246436763137997,0.8510591563849639,2,96806,0.027849,5,5,0.3,normal
28,random_random,6.443861208682431,0.08704187493463038,0.5735860056239037,2,94666,0.027791,5,5,0.3,normal
28,random_carbon,6.2035013500157135,0.0751832617947511,0.6179966364065202,2,117489,0.032283,5,5,0.3,normal
28,random_freeHW,6.1508743789237785,0.1829767107611315,0.6416009030513934,2,115657,0.031774,5,5,0.3,normal
28,random_balanced,6.094984322722885,0.11449087752729226,0.6610963474042231,2,114126,0.031578,5,5,0.3,normal
29,longest_profit,4.418316012434074,0.17886989263608455,0.6117608733437268,3,96489,0.027422,5,5,0.3,normal
29,hungriest_freeHW,6.798596250864863,0.32828498423989444,0.8725306071565597,2,95640,0.02715,5,5,0.3,normal
29,longest_freeHW,6.778613529036285,0.3476409203941814,0.8788330957919894,2,95513,0.027037,5,5,0.3,normal
29,longest_carbon,4.40509246157756,0.15442983648659225,0.6170041397782309,3,95394,0.027262,5,5,0.3,normal
29,longest_balanced,4.417211974892203,0.1650649156052672,0.6047905712759232,3,95344,0.02744,5,5,0.3,normal
29,hungriest_carbon,6.818034358528195,0.2935089835856251,0.8638492700438721,2,95813,0.027382,5,5,0.3,normal
29,random_carbon,4.549273537392601,0.10201481207649618,0.5552169572610286,3,115219,0.034805,5,5,0.3,normal
29,longest_random,4.418316012434074,0.17886989263608455,0.6117608733437268,3,110486,0.03086,5,5,0.3,normal
29,hungriest_profit,6.826426824722127,0.3045826028616498,0.8627598145369494,2,95823,0.027814,5,5,0.3,normal
29,hungriest_balanced,6.8230488047673745,0.3028430837614041,0.8577535150768797,2,95820,0.027339,5,5,0.3,normal
29,random_random,4.434406846376412,0.32576564548494125,0.6107709334314342,3,95740,0.028363,5,5,0.3,normal
29,MILP,6.8403989771416205,0.2843116975953686,0.865714596979876,2,0,0.103984,5,5,0.3,normal
29,hungriest_random,6.782889409850929,0.35431489599285626,0.8805370272896819,2,109802,0.030912,5,5,0.3,normal
29,random_profit,6.834152464776018,0.26147943304386806,0.8715149041389096,2,113868,0.032443,5,5,0.3,normal
29,random_freeHW,6.799638211985375,0.3443046981701297,0.8640572595517301,2,113894,0.03128,5,5,0.3,normal
29,random_balanced,4.417211974892203,0.1650649156052672,0.6047905712759232,3,113935,0.032086,5,5,0.3,normal
30,longest_profit,6.223309031982419,0.09154780165863344,0.6167633103294861,2,94057,0.027096,5,5,0.3,normal
30,longest_freeHW,6.213416619834034,0.05997107599832381,0.6164375246961865,2,93936,0.026856,5,5,0.3,normal
30,longest_carbon,6.21638228642483,0.05042955403379327,0.6144984840958942,2,94063,0.0267,5,5,0.3,normal
30,longest_balanced,6.22321647530044,0.08859421838624532,0.6162106402993052,2,94057,0.026701,5,5,0.3,normal
30,hungriest_carbon,6.4486382087287915,0.060000861113614905,0.5727978060882291,2,92612,0.026626,5,5,0.3,normal
30,hungriest_freeHW,6.449742246270661,0.07076583814443226,0.5733681081560327,2,92490,0.026941,5,5,0.3,normal
30,MILP,6.45630435026647,0.10358710099222589,0.5835601680793582,2,0,0.079246,5,5,0.3,normal
30,longest_random,6.213416619834034,0.05997107599832381,0.6164375246961865,2,108200,0.030705,5,5,0.3,normal
30,hungriest_profit,6.451515109451827,0.09735536963355097,0.5842962365816657,2,92575,0.026477,5,5,0.3,normal
30,hungriest_balanced,6.450240367130553,0.0824394761428615,0.5830257401936554,2,92575,0.026716,5,5,0.3,normal
30,hungriest_random,6.447033051955205,0.08333087350248794,0.5755196350537923,2,106891,0.030404,5,5,0.3,normal
30,random_carbon,6.213416619834035,0.05997107599832381,0.6164375246961865,2,112780,0.033997,5,5,0.3,normal
30,random_freeHW,6.449742246270661,0.07076583814443226,0.5733681081560327,2,111907,0.030908,5,5,0.3,normal
30,random_random,6.221100956898678,0.07077784759699873,0.6172227061938789,2,92259,0.027284,5,5,0.3,normal
30,random_balanced,6.450240367130553,0.0824394761428615,0.5830257401936554,2,111086,0.030813,5,5,0.3,normal
30,random_profit,6.451515109451827,0.09735536963355097,0.5842962365816657,2,111117,0.03073,5,5,0.3,normal
31,longest_carbon,8.506419335070266,0.2176643670204831,0.9171697035773774,1,96400,0.027204,5,5,0.3,normal
31,longest_profit,8.516229394069452,0.23982529999721375,0.9061476619728295,1,96542,0.027834,5,5,0.3,normal
31,longest_freeHW,8.50054829835977,0.23312833735109229,0.9120287629213237,1,95948,0.027328,5,5,0.3,normal
31,hungriest_profit,8.505767443475635,0.24335704311837345,0.9191974032792545,1,96395,0.027498,5,5,0.3,normal
31,hungriest_balanced,8.50757757377997,0.256882206200136,0.916997813094655,1,96169,0.027784,5,5,0.3,normal
31,hungriest_carbon,8.502563127540792,0.24754810602435692,0.9230935680616474,1,96235,0.02771,5,5,0.3,normal
31,longest_random,8.424639488463503,0.39689885162672917,0.9627382819673553,1,110118,0.031082,5,5,0.3,normal
31,random_profit,8.50366716508266,0.26021308305517427,0.9276638701294512,1,115400,0.03176,5,5,0.3,normal
31,hungriest_random,8.50757757377997,0.25802220620013605,0.919397813094655,1,110400,0.031169,5,5,0.3,normal
31,longest_balanced,8.514262967570264,0.22276547054048315,0.9056522035773773,1,96103,0.027393,5,5,0.3,normal
31,MILP,8.516987403685867,0.24732800183198367,0.9158506464183434,1,0,0.09237,5,5,0.3,normal
31,hungriest_freeHW,8.514262967570266,0.22276547054048315,0.9056522035773773,1,96090,0.027454,5,5,0.3,normal
31,random_carbon,8.50757757377997,0.256882206200136,0.916997813094655,1,115132,0.031916,5,5,0.3,normal
31,random_random,6.157617805469326,0.17299552639684668,0.6413081619111709,2,101079,0.029378,5,5,0.3,normal
31,random_freeHW,6.170589504208506,0.19600766735262576,0.6390149069441784,2,121869,0.033227,5,5,0.3,normal
31,random_balanced,8.514262967570264,0.22276547054048315,0.9056522035773773,1,114753,0.032172,5,5,0.3,normal
32,longest_freeHW,8.50054829835977,0.23312833735109229,0.9120287629213237,1,95948,0.027187,5,5,0.3,normal
32,longest_profit,8.515538091163949,0.24451548634738804,0.9118486229347236,1,96473,0.027524,5,5,0.3,normal
32,longest_carbon,8.505728032164761,0.22235455337065743,0.9228706645392717,1,96338,0.031413,5,5,0.3,normal
32,longest_balanced,8.513571664664761,0.22745565689065747,0.9113531645392715,1,96034,0.027217,5,5,0.3,normal
32,hungriest_profit,8.493222056915473,0.263258257789272,0.9206421558779518,1,96667,0.027573,5,5,0.3,normal
32,hungriest_carbon,8.490017740980628,0.26744932069525545,0.9245383206603448,1,96473,0.027433,5,5,0.3,normal
32,MILP,8.516296100780364,0.2504981881821579,0.9183516073802376,1,0,0.095452,5,5,0.3,normal
32,random_profit,8.49105970210114,0.2857490346254907,0.9208649730555153,1,115048,0.031853,5,5,0.3,normal
32,random_carbon,8.495032187219808,0.2767834208710345,0.9184425656933524,1,115547,0.032079,5,5,0.3,normal
32,longest_random,8.45863523925737,0.34677495971509353,0.9361489580819043,1,110321,0.031075,5,5,0.3,normal
32,hungriest_freeHW,8.488541442667517,0.2696770238663784,0.92013920024473,1,95948,0.027708,5,5,0.3,normal
32,random_freeHW,6.030746536852968,0.2385998105511195,0.6879252167451559,2,114126,0.031936,5,5,0.3,normal
32,hungriest_balanced,8.495032187219808,0.2767834208710345,0.9184425656933524,1,96516,0.027664,5,5,0.3,normal
32,hungriest_random,8.493222056915473,0.263258257789272,0.9206421558779518,1,110541,0.031329,5,5,0.3,normal
32,random_random,6.0413269747192375,0.20771468136437643,0.678993280456264,2,94122,0.027673,5,5,0.3,normal
32,random_balanced,8.515538091163949,0.24489548634738806,0.9126486229347237,1,114320,0.031876,5,5,0.3,normal
33,longest_carbon,8.505728032164761,0.22235455337065743,0.9228706645392717,1,96338,0.02738,5,5,0.3,normal
33,longest_freeHW,8.503720141632545,0.22941733591894992,0.9139623923512123,1,95971,0.033404,5,5,0.3,normal
33,longest_profit,6.86429392678866,0.2234720694764021,0.8497267895091797,2,97631,0.02756,5,5,0.3,normal
33,hungriest_freeHW,8.488541442667517,0.2696770238663784,0.92013920024473,1,95858,0.027729,5,5,0.3,normal
33,longest_balanced,8.513571664664761,0.22745565689065747,0.9113531645392715,1,96034,0.028112,5,5,0.3,normal
33,hungriest_balanced,6.456824498240744,0.06562395985725154,0.5686356805511253,2,95910,0.027832,5,5,0.3,normal
33,hungriest_carbon,6.4486382087287915,0.060000861113614905,0.5727978060882291,2,95911,0.027235,5,5,0.3,normal
33,MILP,8.51427979379405,0.22886250456800725,0.9118785275346563,1,0,0.116679,5,5,0.3,normal
33,hungriest_random,8.484891337832963,0.26487410326147426,0.9284128045045749,1,110165,0.031344,5,5,0.3,normal
33,longest_random,6.059939849540779,0.1808999853514193,0.6802770174160565,2,110209,0.031444,5,5,0.3,normal
33,hungriest_profit,8.493222056915473,0.263258257789272,0.9206421558779518,1,96669,0.028092,5,5,0.3,normal
33,random_carbon,8.48886382295163,0.25932848950701803,0.9331903971424118,1,115606,0.031921,5,5,0.3,normal
33,random_random,6.384842635719044,0.17485512046469123,0.5995347257493999,2,120529,0.031496,5,5,0.3,normal
33,random_balanced,8.513571664664761,0.22745565689065744,0.9113531645392715,1,114626,0.031494,5,5,0.3,normal
33,random_freeHW,8.503720141632545,0.22941733591894992,0.9139623923512123,1,114562,0.031848,5,5,0.3,normal
33,random_profit,6.223072419005192,0.08332400422649099,0.6188156897593748,2,116889,0.032437,5,5,0.3,normal
34,longest_carbon,6.072985909434973,0.23470517785952252,0.6781136129726816,2,95904,0.027198,5,5,0.3,normal
34,longest_profit,6.072985909434973,0.23470517785952252,0.6781136129726816,2,95617,0.02747,5,5,0.3,normal
34,longest_freeHW,6.070365899096634,0.23894836059404675,0.6796102979581259,2,95348,0.026954,5,5,0.3,normal
34,longest_random,6.04572675435873,0.2819455307139837,0.694012864868073,2,109931,0.031081,5,5,0.3,normal
34,hungriest_profit,6.464732288362977,0.10912032434076661,0.5704431882824095,2,94645,0.0272,5,5,0.3,normal
34,hungriest_carbon,6.464732288362977,0.10912032434076661,0.5704431882824095,2,94868,0.032384,5,5,0.3,normal
34,hungriest_freeHW,6.1048585393443044,0.17466707146753793,0.6625993135309594,2,95443,0.027349,5,5,0.3,normal
34,longest_balanced,6.072985909434973,0.23470517785952252,0.6781136129726816,2,95615,0.027514,5,5,0.3,normal
34,hungriest_random,6.1048585393443044,0.17466707146753793,0.6625993135309594,2,109738,0.031047,5,5,0.3,normal
34,hungriest_balanced,6.464732288362977,0.10912032434076661,0.5704431882824095,2,94645,0.027028,5,5,0.3,normal
34,random_profit,6.227410421075247,0.12480657916227636,0.6201493737405636,2,120047,0.032781,5,5,0.3,normal
34,random_carbon,6.105410372278742,0.1736792527699197,0.6628296279462925,2,114477,0.031454,5,5,0.3,normal
34,MILP,6.464732288362977,0.10912032434076661,0.5704431882824095,2,0,0.102482,5,5,0.3,normal
34,random_freeHW,6.051928172556394,0.2679609310807872,0.6844772413159772,2,113839,0.03177,5,5,0.3,normal
34,random_random,6.132240657705754,0.29653882052677566,0.6659814581537943,2,94785,0.029715,5,5,0.3,normal
34,random_balanced,6.072985909434973,0.23470517785952252,0.6781136129726817,2,115357,0.032353,5,5,0.3,normal
35,longest_profit,3.7857903225751417,0.05467999274327758,0.37605258712923706,3,93064,0.026743,5,5,0.3,normal
35,longest_carbon,3.756213221437279,0.016645587391228088,0.38118774814308276,3,93066,0.026823,5,5,0.3,normal
35,longest_freeHW,3.757317258979149,0.02741056442204543,0.3817580502108864,3,93043,0.026675,5,5,0.3,normal
35,longest_balanced,3.7857903225751417,0.05467999274327758,0.37605258712923706,3,93064,0.026943,5,5,0.3,normal
35,MILP,4.109240626181675,0.03763703352443243,0.3030644409527225,3,0,0.063593,5,5,0.3,normal
35,hungriest_profit,4.014272316511768,0.055813651369386014,0.33490067058908324,3,91654,0.026788,5,5,0.3,normal
35,random_profit,4.109240626181675,0.03763703352443243,0.3030644409527225,3,109162,0.031059,5,5,0.3,normal
35,hungriest_carbon,3.9957106911466793,0.0222093481051941,0.33685196103281767,3,91654,0.0271,5,5,0.3,normal
35,hungriest_balanced,4.013168278969898,0.04504867433856867,0.3343303685212796,3,91654,0.026525,5,5,0.3,normal
35,longest_random,3.757317258979149,0.02741056442204543,0.3817580502108864,3,107549,0.030806,5,5,0.3,normal
35,hungriest_random,4.014272316511768,0.055813651369386014,0.33490067058908324,3,106161,0.030412,5,5,0.3,normal
35,random_random,4.096153513090579,0.059220220753002144,0.3082899232331674,3,89156,0.02717,5,5,0.3,normal
35,hungriest_freeHW,3.9925388478739054,0.027440349537336532,0.3381183316029289,3,91569,0.026828,5,5,0.3,normal
35,random_carbon,3.9957106911466793,0.0222093481051941,0.33685196103281767,3,110191,0.030775,5,5,0.3,normal
35,random_balanced,4.013168278969898,0.04504867433856867,0.3343303685212796,3,110191,0.030695,5,5,0.3,normal
35,random_freeHW,3.9925388478739054,0.027440349537336532,0.3381183316029289,3,110080,0.030555,5,5,0.3,normal
36,longest_profit,6.2264808752551914,0.085936800226491,0.6146969397593749,2,94163,0.027047,5,5,0.3,normal
36,longest_carbon,6.2176925006486785,0.06550505159699872,0.615741456193879,2,94160,0.034061,5,5,0.3,normal
36,longest_balanced,6.225376837713322,0.07517182319567364,0.6141266376915713,2,94499,0.027051,5,5,0.3,normal
36,longest_random,6.214314480693926,0.06794553249675304,0.6195351567338092,2,108070,0.030276,5,5,0.3,normal
36,hungriest_profit,6.461306555737367,0.07660845598831457,0.5710122820789987,2,92617,0.026613,5,5,0.3,normal
36,longest_freeHW,6.2176925006486785,0.06550505159699872,0.615741456193879,2,93916,0.027048,5,5,0.3,normal
36,hungriest_carbon,6.452914089543436,0.06553483671228982,0.5721017375859214,2,92687,0.027204,5,5,0.3,normal
36,random_carbon,6.2176925006486785,0.06550505159699872,0.6157414561938789,2,112843,0.031188,5,5,0.3,normal
36,hungriest_freeHW,6.452914089543436,0.06553483671228982,0.5721017375859214,2,92482,0.026774,5,5,0.3,normal
36,MILP,6.461306555737367,0.07660845598831456,0.5710122820789987,2,0,0.089337,5,5,0.3,normal
36,random_freeHW,6.2253768377133225,0.07517182319567366,0.6141266376915713,2,112823,0.031294,5,5,0.3,normal
36,random_random,6.214520657375905,0.07073605302914115,0.6170078267639901,2,92289,0.027295,5,5,0.3,normal
36,hungriest_random,6.452914089543436,0.06553483671228982,0.5721017375859214,2,107045,0.030924,5,5,0.3,normal
36,random_profit,6.226480875255192,0.08631680022649099,0.6154969397593748,2,112669,0.031238,5,5,0.3,normal
36,random_balanced,6.4569837936761,0.07131829177857664,0.5803329990534329,2,111104,0.031191,5,5,0.3,normal
36,hungriest_balanced,6.461306555737367,0.07660845598831457,0.5710122820789987,2,92906,0.028844,5,5,0.3,normal
37,longest_profit,6.862881952060685,0.2308182575166716,0.8378900254752262,2,95957,0.027504,5,5,0.3,normal
37,longest_freeHW,6.847200856351003,0.22374129487055014,0.8429711264237204,2,95497,0.02726,5,5,0.3,normal
37,hungriest_profit,6.875881952541288,0.20354015532741182,0.8436219184621875,2,96520,0.027415,5,5,0.3,normal
37,longest_random,8.424639488463503,0.39689885162672917,0.9627382819673553,1,110023,0.03104,5,5,0.3,normal
37,longest_balanced,6.857141597194164,0.2076007796062278,0.8427433285472856,2,95673,0.027225,5,5,0.3,normal
37,longest_carbon,6.853071893061498,0.20827732453994097,0.8481120670797742,2,95926,0.027591,5,5,0.3,normal
37,hungriest_freeHW,6.860915525561499,0.213758428059941,0.837394567079774,2,95568,0.029424,5,5,0.3,normal
37,hungriest_carbon,6.874937210434775,0.19124951021791958,0.8395489348966915,2,95790,0.027611,5,5,0.3,normal
37,MILP,8.473383698938724,0.3231554595954138,0.9397748406469019,1,0,0.101934,5,5,0.3,normal
37,random_freeHW,6.025522914691305,0.22469552429659523,0.6883460317597115,2,113905,0.032209,5,5,0.3,normal
37,random_profit,6.860261941722348,0.23620144025119583,0.8417867104606704,2,114663,0.03196,5,5,0.3,normal
37,hungriest_random,6.80109243767042,0.3219270736565611,0.866509079378782,2,109713,0.03232,5,5,0.3,normal
37,hungriest_balanced,6.874937210434775,0.19124951021791958,0.8395489348966915,2,95673,0.027911,5,5,0.3,normal
37,random_balanced,6.166313623393862,0.19085369175395084,0.6405109754464859,2,115775,0.031886,5,5,0.3,normal
37,random_carbon,6.874937210434775,0.19124951021791958,0.8395489348966915,2,114115,0.031634,5,5,0.3,normal
37,random_random,6.334264444275494,0.3057041915713813,0.6277822780275727,2,96548,0.02803,5,5,0.3,normal
38,longest_freeHW,8.50054829835977,0.23312833735109229,0.9120287629213237,1,95948,0.027476,5,5,0.3,normal
38,longest_balanced,8.513571664664761,0.22745565689065747,0.9113531645392715,1,96130,0.027329,5,5,0.3,normal
38,hungriest_profit,8.493222056915473,0.263258257789272,0.9206421558779518,1,96667,0.027508,5,5,0.3,normal
38,longest_profit,8.515538091163949,0.24451548634738804,0.9118486229347236,1,96473,0.028022,5,5,0.3,normal
38,longest_carbon,8.505728032164761,0.22235455337065743,0.9228706645392717,1,96338,0.027712,5,5,0.3,normal
38,longest_random,6.039275195830349,0.19161939367770978,0.6845477249007084,2,109705,0.033453,5,5,0.3,normal
38,hungriest_freeHW,8.488541442667517,0.2696770238663784,0.92013920024473,1,95948,0.027328,5,5,0.3,normal
38,hungriest_random,8.486796017220728,0.2703844679699778,0.9246270697803269,1,110051,0.032118,5,5,0.3,normal
38,hungriest_balanced,8.495032187219808,0.2767834208710345,0.9184425656933524,1,96300,0.027471,5,5,0.3,normal
38,random_carbon,8.509921559830207,0.22303273628575332,0.9204267687991163,1,115103,0.032081,5,5,0.3,normal
38,random_profit,8.491121778522498,0.28011429772607277,0.9291086227281484,1,115709,0.0318,5,5,0.3,normal
38,MILP,8.516296100780362,0.25087818818215796,0.9191516073802376,1,0,0.112593,5,5,0.3,normal
38,hungriest_carbon,8.490017740980628,0.26744932069525545,0.9245383206603448,1,96473,0.027749,5,5,0.3,normal
38,random_freeHW,8.482744757903163,0.2705688818237935,0.9284738479323553,1,114264,0.032,5,5,0.3,normal
38,random_random,8.444446088299086,0.333933198396484,0.9399730612764525,1,93874,0.028743,5,5,0.3,normal
38,random_balanced,8.513571664664761,0.22745565689065744,0.9113531645392715,1,114397,0.031897,5,5,0.3,normal
39,longest_profit,6.070777834351231,0.2162152237978878,0.6833730088370744,2,96852,0.027374,5,5,0.3,normal
39,longest_carbon,8.448825180258183,0.324614026738363,0.9471709996864524,1,96746,0.027391,5,5,0.3,normal
39,longest_freeHW,8.50054829835977,0.23312833735109229,0.9120287629213237,1,95948,0.027502,5,5,0.3,normal
39,hungriest_carbon,8.48604525586196,0.2764149344497117,0.9269607280225076,1,96517,0.027688,5,5,0.3,normal
39,longest_balanced,8.456668812758183,0.32971513025836297,0.9356534996864523,1,96443,0.027655,5,5,0.3,normal
39,hungriest_balanced,8.495032187219808,0.2767834208710345,0.9184425656933524,1,96516,0.027575,5,5,0.3,normal
39,random_balanced,8.484973690982159,0.2655498959450533,0.9213606317424223,1,114469,0.031983,5,5,0.3,normal
39,hungriest_freeHW,8.488541442667517,0.2708170238663784,0.9225392002447299,1,96065,0.027588,5,5,0.3,normal
39,random_random,6.045032281403413,0.2681901382166365,0.689869994803729,2,94781,0.027926,5,5,0.3,normal
39,longest_random,6.070777834351231,0.2162152237978878,0.6833730088370744,2,110602,0.031038,5,5,0.3,normal
39,MILP,8.516089924098385,0.24618766764976985,0.9176789373500567,1,0,0.113034,5,5,0.3,normal
39,hungriest_profit,8.493015880233493,0.2604677372568839,0.9231694858477708,1,96705,0.027444,5,5,0.3,normal
39,random_carbon,8.448825180258183,0.32309402673836296,0.9439709996864523,1,115568,0.031693,5,5,0.3,normal
39,random_profit,8.491265878783118,0.29157955515787887,0.9247376430856962,1,114924,0.032468,5,5,0.3,normal
39,hungriest_random,8.509336672966285,0.25280008598058457,0.9093842464868196,1,110208,0.031925,5,5,0.3,normal
39,random_freeHW,8.435611075879606,0.3641108834796276,0.9444171280297478,1,114264,0.031904,5,5,0.3,normal
40,longest_carbon,6.048648457300787,0.18000379261237084,0.6897457307785011,2,95572,0.027198,5,5,0.3,normal
40,longest_freeHW,6.044655114186863,0.204878346307202,0.6780219584662044,2,95681,0.027392,5,5,0.3,normal
40,longest_profit,6.8653624924279555,0.22989744243470345,0.8415246158670091,2,96750,0.027649,5,5,0.3,normal
40,longest_random,6.024418877149436,0.21697054726577789,0.6941757296919078,2,109403,0.030661,5,5,0.3,normal
40,longest_balanced,8.513571664664761,0.22745565689065747,0.9113531645392715,1,96034,0.027361,5,5,0.3,normal
40,hungriest_freeHW,8.488541442667517,0.2696770238663784,0.92013920024473,1,95858,0.027407,5,5,0.3,normal
40,hungriest_balanced,6.844856588483814,0.26254537695834995,0.8489185586256378,2,96759,0.027509,5,5,0.3,normal
40,MILP,8.515177654653941,0.23797696106643648,0.9173761595722789,1,0,0.08719,5,5,0.3,normal
40,hungriest_profit,8.49322205691547,0.26211825778927195,0.9182421558779517,1,97514,0.030054,5,5,0.3,normal
40,random_freeHW,6.025522914691305,0.22469552429659523,0.6883460317597115,2,113856,0.031369,5,5,0.3,normal
40,hungriest_carbon,8.490017740980628,0.26744932069525545,0.9245383206603448,1,96473,0.027799,5,5,0.3,normal
40,random_carbon,7.846593183709578,0.09404474409932675,0.6889424991980339,1,113188,0.031562,5,5,0.3,normal
40,random_balanced,8.090366534233622,0.10514248041196766,0.6439106435854612,1,111433,0.03111,5,5,0.3,normal
40,random_random,8.455839311713978,0.33373077746427876,0.9423911179098756,1,94967,0.028178,5,5,0.3,normal
40,hungriest_random,8.465535583318827,0.3003258965993227,0.9300419688551099,1,110940,0.030946,5,5,0.3,normal
40,random_profit,7.859482947408921,0.14849527023246195,0.6928840461746073,1,113192,0.039949,5,5,0.3,normal
41,longest_carbon,4.4274801008188245,0.2835073978601011,0.6061061071978422,3,93754,0.026601,5,5,0.3,normal
41,longest_profit,4.44417626554757,0.3462955109731085,0.6044690984946225,3,93816,0.026895,5,5,0.3,normal
41,longest_freeHW,4.41887504522435,0.3137950812197339,0.6089081910061604,3,93502,0.026432,5,5,0.3,normal
41,hungriest_profit,4.690686421437883,0.3168470145790063,0.5524228065931578,3,92296,0.0266,5,5,0.3,normal
41,longest_balanced,4.439440318698112,0.297568145057451,0.6013952201932271,3,93806,0.026865,5,5,0.3,normal
41,longest_random,4.44417626554757,0.3462955109731085,0.6044690984946225,3,107772,0.034243,5,5,0.3,normal
41,MILP,4.690686421437883,0.3168470145790063,0.5524228065931579,3,0,0.082299,5,5,0.3,normal
41,hungriest_balanced,4.6859504745884255,0.2681196486633488,0.5493489282917624,3,92286,0.028944,5,5,0.3,normal
41,hungriest_freeHW,4.668952952800021,0.28847371274695677,0.5556404676070035,3,92086,0.026465,5,5,0.3,normal
41,random_balanced,4.686109770023782,0.2738139805846739,0.56104624679407,3,110649,0.03108,5,5,0.3,normal
41,hungriest_carbon,4.678868222618342,0.2732615269505295,0.5540813558966697,3,92321,0.026442,5,5,0.3,normal
41,random_random,4.669815341757338,0.2947685651728701,0.555565623934652,3,90319,0.026842,5,5,0.3,normal
41,hungriest_random,4.669815341757338,0.2947685651728701,0.555565623934652,3,106611,0.032846,5,5,0.3,normal
41,random_carbon,4.4274801008188245,0.2835073978601011,0.6061061071978422,3,112273,0.031481,5,5,0.3,normal
41,random_profit,4.690686421437883,0.3168470145790063,0.5524228065931578,3,111569,0.031197,5,5,0.3,normal
41,random_freeHW,4.668952952800021,0.28847371274695677,0.5556404676070035,3,110389,0.032927,5,5,0.3,normal
42,longest_profit,6.068491611170067,0.19348793654876914,0.6820848804114412,2,96953,0.027534,5,5,0.3,normal
42,longest_carbon,6.0584399035863274,0.1638168789671344,0.6860617762758341,2,95863,0.027359,5,5,0.3,normal
42,longest_balanced,6.066283536086327,0.16891798248713444,0.674544276275834,2,95723,0.027211,5,5,0.3,normal
42,longest_freeHW,8.431960971045052,0.35702796287472355,0.9478907322895926,1,95951,0.027492,5,5,0.3,normal
42,hungriest_profit,6.398060017285241,0.19084993222030494,0.6010453583664018,2,101920,0.03214,5,5,0.3,normal
42,longest_random,6.047528392916902,0.1998100817311799,0.682257656904168,2,109353,0.030918,5,5,0.3,normal
42,hungriest_balanced,6.397967460603262,0.18789634894791682,0.6004926883362208,2,102162,0.029806,5,5,0.3,normal
42,random_carbon,8.445660275634213,0.34980757939206253,0.9473939032088283,1,114819,0.03169,5,5,0.3,normal
42,hungriest_random,6.390130200048626,0.18559034687019343,0.5998199702009732,2,116573,0.032518,5,5,0.3,normal
42,random_profit,8.470690497631459,0.3106262124163415,0.9450078675033697,1,115629,0.032018,5,5,0.3,normal
42,hungriest_carbon,8.445660275634213,0.3498075793920625,0.9473939032088281,1,96261,0.028312,5,5,0.3,normal
42,hungriest_freeHW,8.464489079433795,0.31549081204953805,0.9353434910554657,1,96658,0.027959,5,5,0.3,normal
42,MILP,8.471588358491351,0.31860066891477073,0.9481054995409923,1,0,0.110909,5,5,0.3,normal
42,random_balanced,6.397967460603262,0.18789634894791682,0.6004926883362208,2,118594,0.032071,5,5,0.3,normal
42,random_freeHW,6.1358687656852435,0.21094146596828564,0.6533727512163605,2,112666,0.031166,5,5,0.3,normal
42,random_random,6.039024381010085,0.21615833534159565,0.6904435281712256,2,94049,0.028491,5,5,0.3,normal
43,longest_profit,4.419638467426205,0.22569813537898037,0.6098559764750784,3,96577,0.027403,5,5,0.3,normal
43,longest_carbon,6.061476099744719,0.19774571940839555,0.6900575252715784,2,96769,0.027658,5,5,0.3,normal
43,longest_freeHW,6.045759151728733,0.21678332333801936,0.680992260534008,2,95457,0.027132,5,5,0.3,normal
43,longest_balanced,6.064215730355423,0.18833396095009422,0.6835809489137489,2,96489,0.027517,5,5,0.3,normal
43,hungriest_random,6.797119952551752,0.3286126874110173,0.8641314867409449,2,110782,0.031585,5,5,0.3,normal
43,random_profit,6.852630655194644,0.24309610165746248,0.8456229814393454,2,115873,0.031691,5,5,0.3,normal
43,hungriest_freeHW,8.482873412589186,0.28468593588185415,0.9346270985926188,1,95963,0.027486,5,5,0.3,normal
43,hungriest_profit,6.835209197624842,0.253554211798864,0.8648454306749895,2,96663,0.027712,5,5,0.3,normal
43,random_freeHW,8.442669437495876,0.3334360210328846,0.9482839417408557,1,115116,0.03174,5,5,0.3,normal
43,random_random,6.336503786210036,0.32259529020943695,0.6248950549253325,2,94952,0.027635,5,5,0.3,normal
43,hungriest_carbon,8.486845897707855,0.27572032212739783,0.932204691230456,1,96553,0.027637,5,5,0.3,normal
43,longest_random,6.051960569926397,0.20887872370482286,0.6842566369819121,2,109673,0.03127,5,5,0.3,normal
43,random_carbon,6.094984322722887,0.11867087752729227,0.669896347404223,2,114567,0.03146,5,5,0.3,normal
43,hungriest_balanced,8.484316230721541,0.2552868827532472,0.9297716113848746,1,97068,0.027977,5,5,0.3,normal
43,MILP,8.506877745141988,0.23441692506279985,0.9286182851093827,1,0,0.094438,5,5,0.3,normal
43,random_balanced,8.48431623072154,0.2552868827532472,0.9297716113848746,1,115755,0.031872,5,5,0.3,normal
44,longest_profit,4.475910167246156,0.07192023291820471,0.5817595772346518,3,96491,0.027391,5,5,0.3,normal
44,longest_carbon,4.462686616389643,0.04748017676871245,0.5870028436691559,3,95387,0.027422,5,5,0.3,normal
44,longest_freeHW,6.860313440466937,0.20084977817408536,0.8382769579771743,2,95932,0.027508,5,5,0.3,normal
44,hungriest_freeHW,4.474806129704286,0.058115255887387376,0.5747892751668482,3,95819,0.027405,5,5,0.3,normal
44,longest_random,4.447797789448308,0.08689666707796272,0.5975927237917225,3,109133,0.030645,5,5,0.3,normal
44,hungriest_profit,4.807959113728599,0.06722141350777242,0.5019546455813954,3,113056,0.02993,5,5,0.3,normal
44,longest_balanced,4.474806129704286,0.058115255887387376,0.5747892751668482,3,95342,0.027459,5,5,0.3,normal
44,hungriest_carbon,4.470530248889642,0.05372128028871245,0.5778853436691558,3,95829,0.027559,5,5,0.3,normal
44,random_freeHW,6.395805060954879,0.1680437895476072,0.6053294027029212,2,111763,0.030989,5,5,0.3,normal
44,random_random,6.045225799207749,0.2025537357083991,0.6817079046191296,2,93241,0.027456,5,5,0.3,normal
44,MILP,6.881107192960414,0.17789692534740553,0.8345137295140064,2,0,0.110995,5,5,0.3,normal
44,random_carbon,6.051569767570248,0.19321712067069713,0.6825987755725281,2,114503,0.03621,5,5,0.3,normal
44,hungriest_balanced,6.879951656673953,0.20058361039369865,0.8334531799296989,2,95794,0.027995,5,5,0.3,normal
44,random_profit,4.807959113728599,0.06722141350777242,0.5019546455813954,3,134593,0.034999,5,5,0.3,normal
44,hungriest_random,6.046329836749619,0.2129387127392165,0.6814782066869332,2,110466,0.031784,5,5,0.3,normal
44,random_balanced,6.402243341417906,0.19191032454659174,0.5965966198339132,2,111077,0.031664,5,5,0.3,normal
45,longest_carbon,6.853071893061498,0.20827732453994097,0.8481120670797742,2,95926,0.027274,5,5,0.3,normal
45,longest_profit,6.85998602525513,0.24125534960000491,0.851271553253004,2,95714,0.027162,5,5,0.3,normal
45,longest_freeHW,6.847200856351003,0.22374129487055014,0.8429711264237204,2,95497,0.036658,5,5,0.3,normal
45,hungriest_carbon,6.849215685532025,0.23816106354381478,0.8540359315640442,2,95768,0.027358,5,5,0.3,normal
45,longest_balanced,6.856993709311498,0.21462787629994096,0.8503533170797741,2,95571,0.027156,5,5,0.3,normal
45,hungriest_profit,6.850160427638539,0.250451708653307,0.8581089151295402,2,96484,0.027812,5,5,0.3,normal
45,hungriest_random,6.849215685532025,0.23816106354381478,0.8540359315640442,2,109712,0.031209,5,5,0.3,normal
45,hungriest_freeHW,4.732748525809768,0.17361945339588047,0.5289035479458326,3,135107,0.03315,5,5,0.3,normal
45,longest_random,6.853071893061498,0.20827732453994097,0.8481120670797742,2,109758,0.031228,5,5,0.3,normal
45,MILP,6.870673288571462,0.2254628919723522,0.8528735223387451,2,0,0.115805,5,5,0.3,normal
45,hungriest_balanced,6.847937943970245,0.22602550450676823,0.8541631652537778,2,95676,0.027668,5,5,0.3,normal
45,random_profit,6.850319723073895,0.2508260405746321,0.8586062336318478,2,114788,0.032211,5,5,0.3,normal
45,random_random,6.781610050031688,0.3764068531903403,0.8781516349130409,2,93541,0.027887,5,5,0.3,normal
45,random_carbon,6.856574117821441,0.21364569380521117,0.8513691323015131,2,114488,0.031324,5,5,0.3,normal
45,random_balanced,6.856993709311498,0.21462787629994096,0.8503533170797741,2,113966,0.034755,5,5,0.3,normal
45,random_freeHW,4.726718193663917,0.19250909180516457,0.5312652887874714,3,153556,0.037851,5,5,0.3,normal
46,longest_freeHW,6.044655114186863,0.204878346307202,0.6780219584662044,2,95535,0.027908,5,5,0.3,normal
46,longest_profit,6.072985909434973,0.23470517785952252,0.6781136129726816,2,96676,0.027273,5,5,0.3,normal
46,longest_carbon,8.510003912979405,0.22636852896933238,0.918974596036964,1,96406,0.027206,5,5,0.3,normal
46,longest_random,6.067336324171745,0.24162195879510082,0.6750795509401106,2,110413,0.030947,5,5,0.3,normal
46,hungriest_carbon,8.491121778522498,0.2782142977260728,0.9251086227281484,1,96632,0.027754,5,5,0.3,normal
46,longest_balanced,6.864500103470638,0.22360259000879024,0.8415994595393607,2,96404,0.027053,5,5,0.3,normal
46,hungriest_random,8.449075245296832,0.3551226175057101,0.9397809530841295,1,110284,0.031623,5,5,0.3,normal
46,MILP,8.516296100780362,0.250118188182158,0.9175516073802377,1,0,0.094731,5,5,0.3,normal
46,hungriest_profit,8.493222056915473,0.263258257789272,0.9206421558779518,1,96667,0.027793,5,5,0.3,normal
46,hungriest_freeHW,6.839469881473392,0.2658239569845111,0.8503854952448191,2,96232,0.027279,5,5,0.3,normal
46,hungriest_balanced,8.493015880233493,0.2593277372568838,0.9207694858477709,1,96280,0.027801,5,5,0.3,normal
46,random_random,6.078453281479216,0.131401664683346,0.6664681039746938,2,93501,0.027785,5,5,0.3,normal
46,random_freeHW,6.045602855533882,0.21476865696305136,0.6814972119539562,2,114428,0.032069,5,5,0.3,normal
46,random_carbon,6.099260203537529,0.12154485312596718,0.6636002789019154,2,114548,0.031266,5,5,0.3,normal
46,random_balanced,8.487821906665172,0.2848921118133111,0.9354498475581046,1,114850,0.032073,5,5,0.3,normal
46,random_profit,6.226480875255192,0.08631680022649099,0.6154969397593748,2,116077,0.031479,5,5,0.3,normal
47,longest_profit,4.422810310698979,0.22008713394683793,0.6077896059049671,3,94853,0.027211,5,5,0.3,normal
47,longest_carbon,4.399576896106663,0.1761507257305036,0.6199920257785902,3,94889,0.027364,5,5,0.3,normal
47,longest_balanced,4.417211974892203,0.1650649156052672,0.6047905712759232,3,94668,0.026855,5,5,0.3,normal
47,longest_freeHW,4.391307672178096,0.19549130382665986,0.6089643219686012,3,94594,0.026862,5,5,0.3,normal
47,hungriest_profit,4.75448199444763,0.20199275522792995,0.5256858869319869,3,92245,0.026363,5,5,0.3,normal
47,longest_random,4.372317741030422,0.22339107858496476,0.6358912776739816,3,108945,0.030879,5,5,0.3,normal
47,hungriest_carbon,4.742663795628089,0.1584072675994532,0.5273444362354989,3,92276,0.026281,5,5,0.3,normal
47,hungriest_balanced,4.7497460475981725,0.15326538931227246,0.5226120086305915,3,92130,0.026653,5,5,0.3,normal
47,hungriest_random,4.742853326495004,0.1658601752956433,0.5250485931445816,3,108855,0.030856,5,5,0.3,normal
47,random_carbon,4.742663795628089,0.1584072675994532,0.5273444362354989,3,110733,0.031146,5,5,0.3,normal
47,random_freeHW,4.391307672178096,0.19549130382665986,0.6089643219686012,3,113185,0.031503,5,5,0.3,normal
47,hungriest_freeHW,4.732748525809768,0.17361945339588047,0.5289035479458326,3,92084,0.02678,5,5,0.3,normal
47,MILP,4.75448199444763,0.20199275522792998,0.525685886931987,3,0,0.101327,5,5,0.3,normal
47,random_balanced,4.7497460475981725,0.15326538931227246,0.5226120086305915,3,110397,0.031399,5,5,0.3,normal
47,random_random,4.463137961487337,0.24287162089618594,0.5948387529973257,3,92012,0.02713,5,5,0.3,normal
47,random_profit,4.422810310698979,0.22008713394683793,0.6077896059049671,3,113376,0.031894,5,5,0.3,normal
48,longest_profit,8.519401237342226,0.23763429856507132,0.9112812914027182,1,96466,0.027764,5,5,0.3,normal
48,longest_carbon,8.506543158603048,0.21863909486929226,0.9192945463697108,1,96413,0.02745,5,5,0.3,normal
48,longest_freeHW,6.10845068719661,0.0900240869561257,0.6512850388050335,2,95848,0.027388,5,5,0.3,normal
48,longest_balanced,8.514262967570264,0.22276547054048315,0.9056522035773773,1,96103,0.027133,5,5,0.3,normal
48,hungriest_profit,8.52721308756374,0.1897715141938033,0.9030064751142094,1,96713,0.027621,5,5,0.3,normal
48,longest_random,8.503596318099762,0.22806260807014078,0.9110375495588788,1,109947,0.030732,5,5,0.3,normal
48,hungriest_freeHW,8.492513927786185,0.26071141011192217,0.9177167928825671,1,95907,0.027312,5,5,0.3,normal
48,MILP,8.535919109021059,0.20572747013971654,0.9010141314418579,1,0,0.089007,5,5,0.3,normal
48,hungriest_balanced,8.530127255409946,0.21520165430638324,0.9037771869974134,1,96362,0.027395,5,5,0.3,normal
48,hungriest_random,8.52721308756374,0.1897715141938033,0.9030064751142094,1,110490,0.031557,5,5,0.3,normal
48,random_balanced,8.530127255409946,0.21520165430638322,0.9037771869974135,1,114828,0.031895,5,5,0.3,normal
48,random_profit,8.517847545479405,0.23298963248933235,0.9106570960369638,1,115174,0.031947,5,5,0.3,normal
48,hungriest_carbon,8.528284652443542,0.20063655269846173,0.9086065713942948,1,96263,0.030095,5,5,0.3,normal
48,random_carbon,8.506543158603048,0.21863909486929226,0.9192945463697109,1,115022,0.031494,5,5,0.3,normal
48,random_random,6.1508743789237785,0.1829767107611315,0.6416009030513934,2,101999,0.029056,5,5,0.3,normal
48,random_freeHW,6.148840464424423,0.23395360692406475,0.651079496249368,2,118585,0.047705,5,5,0.3,normal
49,longest_carbon,4.453999207645973,0.0729120674447662,0.5880571002396267,3,95192,0.027111,5,5,0.3,normal
49,longest_freeHW,4.391307672178096,0.19549130382665986,0.6089643219686012,3,95947,0.02728,5,5,0.3,normal
49,longest_profit,4.457155024076732,0.10281233216225019,0.5894729578629857,3,95653,0.027366,5,5,0.3,normal
49,longest_balanced,4.453999207645973,0.0729120674447662,0.5880571002396267,3,95101,0.02702,5,5,0.3,normal
49,hungriest_freeHW,4.732748525809768,0.17361945339588047,0.5289035479458326,3,114607,0.03035,5,5,0.3,normal
49,hungriest_profit,4.790513766673664,0.07765483245408822,0.5045283691263005,3,103591,0.02861,5,5,0.3,normal
49,longest_random,4.390203634636226,0.18776632679584254,0.6147940199007975,3,109368,0.031288,5,5,0.3,normal
49,hungriest_carbon,4.789651377716346,0.07135998002817497,0.504603212798652,3,103525,0.028327,5,5,0.3,normal
49,hungriest_balanced,4.789651377716346,0.07135998002817497,0.504603212798652,3,103446,0.028355,5,5,0.3,normal
49,MILP,4.790549238576238,0.0835144365266042,0.5165008448362746,3,0,0.08248,5,5,0.3,normal
49,random_random,4.499337067219347,0.18825483136235194,0.5727436763691904,3,96772,0.028021,5,5,0.3,normal
49,random_profit,4.790513766673664,0.07765483245408822,0.5045283691263005,3,123768,0.033708,5,5,0.3,normal
49,random_freeHW,4.726718193663917,0.19250909180516457,0.5312652887874714,3,133684,0.034541,5,5,0.3,normal
49,random_balanced,4.553119574597741,0.057394697349678406,0.5493999593086247,3,114469,0.031414,5,5,0.3,normal
49,hungriest_random,4.732748525809768,0.17361945339588047,0.5289035479458326,3,129044,0.034014,5,5,0.3,normal
49,random_carbon,4.790513766673664,0.07765483245408822,0.5045283691263005,3,122920,0.033488,5,5,0.3,normal
50,longest_carbon,8.510003912979405,0.22636852896933238,0.918974596036964,1,96409,0.027427,5,5,0.3,normal
50,hungriest_profit,8.493222056915473,0.263258257789272,0.9206421558779518,1,96667,0.0275,5,5,0.3,normal
50,longest_profit,8.515538091163949,0.24451548634738804,0.9118486229347236,1,96473,0.027881,5,5,0.3,normal
50,hungriest_carbon,8.48981156429865,0.26313880016286734,0.9238656506301639,1,96568,0.027413,5,5,0.3,normal
50,longest_balanced,8.513365487982783,0.22428513635826935,0.9130804945090906,1,96057,0.027122,5,5,0.3,normal
50,longest_random,8.425635729314607,0.3696578346591109,0.954501513049355,1,109811,0.031046,5,5,0.3,normal
50,longest_freeHW,8.50054829835977,0.23312833735109229,0.9120287629213237,1,95948,0.027343,5,5,0.3,normal
50,hungriest_random,8.450163998864543,0.3269201405384284,0.9386627843786928,1,109982,0.031234,5,5,0.3,normal
50,hungriest_balanced,8.495032187219808,0.2767834208710345,0.9184425656933524,1,96211,0.027215,5,5,0.3,normal
50,random_random,8.494480354285372,0.27815123956865273,0.9190122512780192,1,93815,0.027677,5,5,0.3,normal
50,random_carbon,8.493928149677938,0.2701984438402172,0.9266722636255486,1,115203,0.031871,5,5,0.3,normal
50,random_profit,8.49322205691547,0.2621182577892719,0.9182421558779517,1,115465,0.032855,5,5,0.3,normal
50,hungriest_freeHW,8.488541442667517,0.2696770238663784,0.92013920024473,1,95948,0.027821,5,5,0.3,normal
50,random_balanced,8.510127736512187,0.22886325681814146,0.9242994388292973,1,114682,0.033091,5,5,0.3,normal
50,MILP,8.516296100780364,0.2504981881821579,0.9183516073802376,1,0,0.118697,5,5,0.3,normal
50,random_freeHW,8.443645446453193,0.33538781071879775,0.9363290980685044,1,114440,0.032206,5,5,0.3,normal
