id,type,profit,carbon,energy,failedP,inferences,time,numIntents,size,rate
0,"multiDips_1_(100, 0, 0)",10.38414063299622,0.7798252615263624,0.9157795002945903,0,109986,0.031758,5,50,0.2
0,"multiDips_1_(0, 100, 0)",10.0465780793241,0.03114745439686336,0.948215750753931,0,109821,0.031693,5,50,0.2
0,"multiDips_3_(33.33, 33.33, 33.33)",10.174904774988677,0.18944979426839406,0.8438746248667233,0,126973,0.035099,5,50,0.2
0,"multiDips_4_(0, 100, 0)",10.057135620841173,0.024381071097918927,0.9150467690819983,0,130314,0.036448,5,50,0.2
0,"multiDips_1_(0, 0, 100)",10.15326282664301,0.26737980907343784,0.9548119159175585,0,108854,0.031513,5,50,0.2
0,"multiDips_1_(33.33, 33.33, 33.33)",10.205074200245122,0.25091671958656175,0.8440011209973276,0,108952,0.031278,5,50,0.2
0,"multiDips_3_(100, 0, 0)",10.383238655498834,0.7754235625277678,0.9045477724726841,0,128012,0.035389,5,50,0.2
0,"multiDips_2_(100, 0, 0)",10.383838707594558,0.7890250975369935,0.9140943042189139,0,128505,0.035468,5,50,0.2
0,"multiDips_2_(33.33, 33.33, 33.33)",10.185967065615365,0.20339269357208975,0.8340542417001848,0,127514,0.035116,5,50,0.2
0,"multiDips_2_(0, 0, 100)",10.11962701970142,0.2275261565654486,0.9838885597457068,0,127378,0.036013,5,50,0.2
0,"multiDips_3_(0, 0, 100)",10.122043804393517,0.22639024707678773,0.9811134057456177,0,126795,0.035426,5,50,0.2
0,"multiDips_4_(100, 0, 0)",10.384140632996218,0.7798252615263624,0.9157795002945904,0,129452,0.03658,5,50,0.2
0,"multiDips_3_(0, 100, 0)",10.062535655358529,0.02560201231800221,0.9065145100754954,0,127636,0.035211,5,50,0.2
0,"multiDips_4_(33.33, 33.33, 33.33)",10.20172640018074,0.24026130909370041,0.8292372833571902,0,130116,0.03657,5,50,0.2
0,"multiDips_2_(0, 100, 0)",10.057535683588023,0.024287640696991467,0.9141486406569418,0,128145,0.035573,5,50,0.2
0,"multiDips_4_(0, 0, 100)",10.16722287372499,0.2894378197506997,0.9463873884922636,0,128770,0.037299,5,50,0.2
0,MILP,10.38391196397007,0.7814438454023134,0.9077467901830777,0,0,6.031872,5,50,0.2
1,"multiDips_1_(100, 0, 0)",10.38414063299622,0.7798252615263624,0.9157795002945903,0,109990,0.031611,5,50,0.2
1,"multiDips_1_(0, 100, 0)",10.054502669164771,0.030803779431618092,0.9317387364719034,0,116048,0.031889,5,50,0.2
1,"multiDips_1_(33.33, 33.33, 33.33)",10.222339715575256,0.28880864578801685,0.8515576212120302,0,114060,0.031794,5,50,0.2
1,"multiDips_1_(0, 0, 100)",10.191912812993866,0.3324642256664149,0.9406191630824519,0,108862,0.031114,5,50,0.2
1,"multiDips_2_(0, 100, 0)",10.065460273428695,0.025843965731746202,0.9016716263749143,0,132934,0.035743,5,50,0.2
1,"multiDips_3_(0, 100, 0)",10.061779544244073,0.02748579153757475,0.9101783460966122,0,134039,0.036204,5,50,0.2
1,"multiDips_4_(33.33, 33.33, 33.33)",10.214085700681656,0.2753111171935703,0.8571738252803913,0,131696,0.036253,5,50,0.2
1,"multiDips_2_(33.33, 33.33, 33.33)",10.19697007226273,0.23198150393840092,0.8408863889907068,0,338884,0.060984,5,50,0.2
1,"multiDips_3_(0, 0, 100)",10.129416157602378,0.24530194071538441,0.9838208281366223,0,126791,0.035052,5,50,0.2
1,"multiDips_3_(100, 0, 0)",10.383238655498834,0.7754235625277678,0.9045477724726841,0,128016,0.035291,5,50,0.2
1,"multiDips_4_(100, 0, 0)",10.3866067061833,0.77071436655186,0.8993082782235962,0,130287,0.036282,5,50,0.2
1,"multiDips_2_(0, 0, 100)",10.140807497142978,0.2584681723297083,0.9733066788538058,0,127517,0.035707,5,50,0.2
1,"multiDips_4_(0, 0, 100)",10.125500459219687,0.23706338795807397,0.9850625860492229,0,128189,0.035856,5,50,0.2
1,"multiDips_2_(100, 0, 0)",10.383838707594558,0.7890250975369935,0.9140943042189139,0,128509,0.037679,5,50,0.2
1,"multiDips_4_(0, 100, 0)",10.062578544562836,0.0295501743537279,0.9131383637301401,0,137306,0.03762,5,50,0.2
1,"multiDips_3_(33.33, 33.33, 33.33)",10.217817284926983,0.26557746737132576,0.8354687321271987,0,297941,0.056484,5,50,0.2
1,MILP,10.386935858348252,0.7760775694468189,0.9039495826628872,0,0,5.546039,5,50,0.2
2,"multiDips_1_(100, 0, 0)",10.38414063299622,0.7798252615263624,0.9157795002945903,0,109992,0.031659,5,50,0.2
2,"multiDips_1_(0, 0, 100)",10.15326282664301,0.26737980907343784,0.9548119159175585,0,108860,0.031475,5,50,0.2
2,"multiDips_1_(33.33, 33.33, 33.33)",10.229511643222288,0.2929637751449786,0.8506336026629867,0,117158,0.032239,5,50,0.2
2,"multiDips_1_(0, 100, 0)",10.047534592949798,0.03252322526720523,0.9489907261741473,0,109883,0.031421,5,50,0.2
2,"multiDips_2_(33.33, 33.33, 33.33)",10.186567762405973,0.20050684587627762,0.8387293027616789,0,128313,0.035964,5,50,0.2
2,"multiDips_3_(100, 0, 0)",10.383088663143665,0.7793646879948598,0.9060783067091034,0,128165,0.035459,5,50,0.2
2,"multiDips_2_(0, 100, 0)",10.059975842359458,0.025318423424509563,0.9106143538143018,0,128575,0.035552,5,50,0.2
2,"multiDips_2_(100, 0, 0)",10.383838707594558,0.7890250975369935,0.9140943042189139,0,128511,0.035378,5,50,0.2
2,"multiDips_3_(33.33, 33.33, 33.33)",10.201759610497426,0.22145685391891032,0.8311503926502012,0,127777,0.035057,5,50,0.2
2,"multiDips_2_(0, 0, 100)",10.11962701970142,0.2275261565654486,0.9838885597457068,0,127384,0.035248,5,50,0.2
2,"multiDips_4_(33.33, 33.33, 33.33)",10.186237994771489,0.19633822975346374,0.8337093534280238,0,130311,0.036508,5,50,0.2
2,"multiDips_4_(0, 100, 0)",10.05997584235946,0.025318423424509566,0.9106143538143018,0,130735,0.03721,5,50,0.2
2,"multiDips_3_(0, 100, 0)",10.059610672617705,0.026132325211152604,0.9129927666896063,0,352661,0.063537,5,50,0.2
2,"multiDips_4_(0, 0, 100)",10.138355595023386,0.24815670507083618,0.971976576459713,0,128180,0.036371,5,50,0.2
2,"multiDips_3_(0, 0, 100)",10.122043804393517,0.22639024707678773,0.9811134057456177,0,126801,0.03503,5,50,0.2
2,"multiDips_4_(100, 0, 0)",10.378937596191943,0.7777356354915236,0.9159284003671175,0,129979,0.037114,5,50,0.2
2,MILP,10.38389979127774,0.790030572111031,0.9198710013293051,0,0,5.342104,5,50,0.2
3,"multiDips_1_(0, 100, 0)",10.06040292817059,0.03435623968032329,0.9269146133851967,0,110964,0.032131,5,50,0.2
3,"multiDips_1_(0, 0, 100)",10.15326282664301,0.26737980907343784,0.9548119159175585,0,108860,0.031134,5,50,0.2
3,"multiDips_1_(33.33, 33.33, 33.33)",10.222570134306764,0.274255045749578,0.8452921496381844,0,109626,0.031397,5,50,0.2
3,"multiDips_1_(100, 0, 0)",10.38414063299622,0.7798252615263624,0.9157795002945903,0,109992,0.031608,5,50,0.2
3,"multiDips_4_(100, 0, 0)",10.379154468097761,0.7777358828890044,0.916915421736326,0,131019,0.036608,5,50,0.2
3,"multiDips_2_(0, 100, 0)",10.073026396336315,0.02450987074739373,0.8837751437955891,0,128599,0.035623,5,50,0.2
3,"multiDips_3_(0, 100, 0)",10.07567608923992,0.026246732572520717,0.8814426836874958,0,128273,0.035443,5,50,0.2
3,"multiDips_4_(0, 100, 0)",10.076808151095378,0.024778685497364984,0.8767172194977713,0,131085,0.036498,5,50,0.2
3,"multiDips_2_(100, 0, 0)",10.383838707594558,0.7890250975369935,0.9140943042189139,0,128511,0.035943,5,50,0.2
3,"multiDips_2_(33.33, 33.33, 33.33)",10.175081022574215,0.1637896909077109,0.8167837256494794,0,127836,0.035208,5,50,0.2
3,"multiDips_3_(0, 0, 100)",10.122043804393517,0.22639024707678773,0.9811134057456177,0,126801,0.035338,5,50,0.2
3,"multiDips_2_(0, 0, 100)",10.11962701970142,0.2275261565654486,0.9838885597457068,0,127384,0.035413,5,50,0.2
3,"multiDips_3_(100, 0, 0)",10.383238655498834,0.7754235625277678,0.9045477724726841,0,128018,0.035633,5,50,0.2
3,"multiDips_4_(0, 0, 100)",10.144059166804608,0.2692386086570492,0.9719409412253135,0,128495,0.036133,5,50,0.2
3,"multiDips_3_(33.33, 33.33, 33.33)",10.191462803036535,0.19122532148131374,0.8160800114154396,0,127284,0.036079,5,50,0.2
3,"multiDips_4_(33.33, 33.33, 33.33)",10.195477379007036,0.19948810199679118,0.8153183457809849,0,128753,0.036232,5,50,0.2
3,MILP,10.38389979127774,0.790030572111031,0.9198710013293051,0,0,5.445091,5,50,0.2
4,"multiDips_1_(100, 0, 0)",10.38314233882774,0.7691635713579501,0.9087305956471109,0,109942,0.031497,5,50,0.2
4,"multiDips_1_(0, 100, 0)",10.04522184721681,0.0322727870515013,0.9529162226122954,0,109924,0.031233,5,50,0.2
4,"multiDips_1_(0, 0, 100)",10.14806669202369,0.2654204912403228,0.9698729052261861,0,108877,0.030935,5,50,0.2
4,"multiDips_2_(33.33, 33.33, 33.33)",10.175081022574215,0.1637896909077109,0.8167837256494794,0,127840,0.034999,5,50,0.2
4,"multiDips_1_(33.33, 33.33, 33.33)",10.213710470555341,0.2562100342250653,0.8458889657416371,0,109626,0.031467,5,50,0.2
4,"multiDips_2_(0, 100, 0)",10.057535683588023,0.024287640696991467,0.9141486406569418,0,128151,0.035302,5,50,0.2
4,"multiDips_4_(100, 0, 0)",10.38362183568874,0.7890248501395126,0.9131072828497055,0,129917,0.036308,5,50,0.2
4,"multiDips_2_(0, 0, 100)",10.115284804283874,0.2258434352759513,0.9923319865517177,0,127404,0.035267,5,50,0.2
4,"multiDips_4_(0, 100, 0)",10.065795621683945,0.028255014890973432,0.9056405983673346,0,130196,0.036381,5,50,0.2
4,"multiDips_3_(0, 0, 100)",10.119296053174882,0.22373114255520418,0.98515014248278,0,126807,0.034909,5,50,0.2
4,"multiDips_4_(0, 0, 100)",10.110756993582998,0.2069993296694285,0.9864750931176365,0,129619,0.036229,5,50,0.2
4,"multiDips_2_(100, 0, 0)",10.383838707594558,0.7890250975369935,0.9140943042189139,0,128511,0.035381,5,50,0.2
4,"multiDips_3_(100, 0, 0)",10.383238655498834,0.7754235625277678,0.9045477724726841,0,128018,0.035309,5,50,0.2
4,"multiDips_4_(33.33, 33.33, 33.33)",10.172639800520836,0.16334836149672294,0.8250305764940083,0,128882,0.036773,5,50,0.2
4,"multiDips_3_(33.33, 33.33, 33.33)",10.18690873386892,0.18227081046497196,0.8171295554844081,0,127567,0.035894,5,50,0.2
4,"multiDips_3_(0, 100, 0)",10.06117942325124,0.02596734497264015,0.9096149819338596,0,127695,0.035708,5,50,0.2
4,MILP,10.38389979127774,0.790030572111031,0.9198710013293051,0,0,5.870318,5,50,0.2
5,"multiDips_1_(100, 0, 0)",10.382726527104513,0.8326332315627043,0.9686368891570064,0,116249,0.032497,5,50,0.2
5,"multiDips_1_(0, 100, 0)",10.054290635850851,0.032744329358374756,0.9347931949079968,0,109762,0.031396,5,50,0.2
5,"multiDips_3_(100, 0, 0)",10.382835140884534,0.8351142044231338,0.9544601939578399,0,128169,0.035534,5,50,0.2
5,"multiDips_2_(100, 0, 0)",10.383437097789736,0.8424823950793628,0.9650313145081559,0,128419,0.035513,5,50,0.2
5,"multiDips_1_(0, 0, 100)",10.154410167483881,0.27019527373502256,0.9554160806128416,0,108860,0.031378,5,50,0.2
5,"multiDips_2_(0, 0, 100)",10.122771585940182,0.2319207574739208,0.982655642032185,0,132094,0.035904,5,50,0.2
5,"multiDips_3_(33.33, 33.33, 33.33)",10.226503512321088,0.26099647666980985,0.8149781962272471,0,127434,0.035453,5,50,0.2
5,"multiDips_2_(0, 100, 0)",10.052089152884628,0.03120593623202591,0.9359139574061586,0,128618,0.035363,5,50,0.2
5,"multiDips_1_(33.33, 33.33, 33.33)",10.2286123751498,0.2749824677214269,0.83501709392008,0,109335,0.031427,5,50,0.2
5,"multiDips_2_(33.33, 33.33, 33.33)",10.217240061556923,0.23857555111587556,0.8107551156240962,0,127909,0.03551,5,50,0.2
5,"multiDips_4_(0, 100, 0)",10.052246321926305,0.02734965116216228,0.9275515963393233,0,129138,0.03675,5,50,0.2
5,"multiDips_3_(0, 100, 0)",10.052246321926303,0.028869651162162273,0.9307515963393231,0,127754,0.035369,5,50,0.2
5,"multiDips_4_(100, 0, 0)",10.382670546909932,0.8289176165978582,0.9572081156323471,0,130048,0.036284,5,50,0.2
5,"multiDips_4_(33.33, 33.33, 33.33)",10.228965605215738,0.26937904242806116,0.8210224299767732,0,129304,0.036325,5,50,0.2
5,"multiDips_3_(0, 0, 100)",10.120425348971443,0.2231875131187226,0.9822126573995654,0,379472,0.066494,5,50,0.2
5,"multiDips_4_(0, 0, 100)",10.120425348971443,0.2231875131187226,0.9822126573995654,0,382290,0.068673,5,50,0.2
5,MILP,10.38359684713537,0.8286452945104557,0.9510064510028398,0,0,5.234436,5,50,0.2
6,"multiDips_1_(100, 0, 0)",10.384115412987828,0.7849868356000816,0.9224368473189625,0,109816,0.031627,5,50,0.2
6,"multiDips_1_(0, 100, 0)",10.0465780793241,0.03114745439686336,0.948215750753931,0,109827,0.031497,5,50,0.2
6,"multiDips_1_(0, 0, 100)",10.177986619522777,0.32235601389993285,0.9548224495788193,0,108835,0.031194,5,50,0.2
6,"multiDips_2_(0, 100, 0)",10.057535683588023,0.024287640696991467,0.9141486406569418,0,128151,0.035657,5,50,0.2
6,"multiDips_2_(100, 0, 0)",10.38376519108815,0.7856795174097775,0.9148444726516466,0,128711,0.035459,5,50,0.2
6,"multiDips_2_(0, 0, 100)",10.134334547511667,0.25594302806736935,0.9820284784837275,0,127356,0.034977,5,50,0.2
6,"multiDips_1_(33.33, 33.33, 33.33)",10.222570134306764,0.274255045749578,0.8452921496381844,0,109610,0.031624,5,50,0.2
6,"multiDips_3_(0, 0, 100)",10.136934615403865,0.2563551175690924,0.98003130454373,0,126769,0.035241,5,50,0.2
6,"multiDips_3_(33.33, 33.33, 33.33)",10.191462803036535,0.19122532148131374,0.8160800114154396,0,127270,0.035571,5,50,0.2
6,"multiDips_2_(33.33, 33.33, 33.33)",10.175081022574215,0.1637896909077109,0.8167837256494794,0,127822,0.035168,5,50,0.2
6,"multiDips_3_(100, 0, 0)",10.383069294900938,0.7655805311687603,0.9006759418389823,0,128275,0.035278,5,50,0.2
6,"multiDips_4_(100, 0, 0)",10.377144957563617,0.7316115802752043,0.8901240753241038,0,130422,0.03647,5,50,0.2
6,"multiDips_3_(0, 100, 0)",10.054811123763841,0.027177564249109533,0.9236530169453323,0,127738,0.035602,5,50,0.2
6,"multiDips_4_(33.33, 33.33, 33.33)",10.177730690221225,0.17052978103123986,0.8186326157180159,0,128913,0.036844,5,50,0.2
6,"multiDips_4_(0, 0, 100)",10.164508926440112,0.3024072505407507,0.9644793667649578,0,128266,0.036187,5,50,0.2
6,"multiDips_4_(0, 100, 0)",10.047507595299479,0.029123101427031537,0.9404157536018471,0,131216,0.036669,5,50,0.2
6,MILP,10.38379645462339,0.7835253881782519,0.9185254569859231,0,0,5.693036,5,50,0.2
7,"multiDips_1_(0, 100, 0)",10.078955367527062,0.035132325829447,0.8908361468864128,0,111578,0.031908,5,50,0.2
7,"multiDips_1_(33.33, 33.33, 33.33)",10.222570134306764,0.274255045749578,0.8452921496381844,0,109626,0.031294,5,50,0.2
7,"multiDips_2_(100, 0, 0)",10.383838707594558,0.7890250975369935,0.9140943042189139,0,128511,0.035429,5,50,0.2
7,"multiDips_1_(0, 0, 100)",10.222508677034758,0.34997547718552713,0.9021137621114421,0,108828,0.031411,5,50,0.2
7,"multiDips_1_(100, 0, 0)",10.383189740971044,0.768987381361917,0.9114469003073014,0,115919,0.032482,5,50,0.2
7,"multiDips_3_(33.33, 33.33, 33.33)",10.192186260853772,0.19274248945355468,0.8152025288356061,0,127326,0.045375,5,50,0.2
7,"multiDips_3_(100, 0, 0)",10.383238655498834,0.7754235625277678,0.9045477724726841,0,128018,0.035429,5,50,0.2
7,"multiDips_2_(0, 100, 0)",10.084143955673804,0.02767934731640387,0.866936438053016,0,129134,0.035505,5,50,0.2
7,"multiDips_3_(0, 100, 0)",10.085319427902522,0.037177249333437704,0.8775528473214468,0,129216,0.035453,5,50,0.2
7,"multiDips_2_(33.33, 33.33, 33.33)",10.175081022574215,0.1637896909077109,0.8167837256494794,0,127834,0.035058,5,50,0.2
7,"multiDips_4_(100, 0, 0)",10.383572158179152,0.7923422594026732,0.9210825875342407,0,130307,0.03657,5,50,0.2
7,"multiDips_2_(0, 0, 100)",10.205583797092427,0.32600532748289657,0.9116075654945898,0,127336,0.035146,5,50,0.2
7,"multiDips_3_(0, 0, 100)",10.1996437151792,0.31358293959227956,0.9138685647514457,0,126777,0.035072,5,50,0.2
7,"multiDips_4_(0, 0, 100)",10.243760807544069,0.3836181418795038,0.8860660053669214,0,128828,0.036466,5,50,0.2
7,"multiDips_4_(33.33, 33.33, 33.33)",10.224052231659753,0.276092327626049,0.8428657595696478,0,129025,0.036591,5,50,0.2
7,"multiDips_4_(0, 100, 0)",10.086944799551208,0.028748108154552685,0.8640522984711847,0,131625,0.036961,5,50,0.2
7,MILP,10.38389979127774,0.790030572111031,0.9198710013293051,0,0,5.048989,5,50,0.2
8,"multiDips_1_(0, 100, 0)",10.045330308635593,0.031064401780016977,0.9502233192923559,0,115949,0.032371,5,50,0.2
8,"multiDips_1_(100, 0, 0)",10.38418803513952,0.7796490715303295,0.9184958049547809,0,110233,0.031389,5,50,0.2
8,"multiDips_1_(0, 0, 100)",10.112470223619493,0.22310386264806784,0.991232580805756,0,108879,0.031228,5,50,0.2
8,"multiDips_1_(33.33, 33.33, 33.33)",10.185641862641912,0.20845524300906526,0.8589824409210274,0,109596,0.031194,5,50,0.2
8,"multiDips_2_(0, 0, 100)",10.105011798823751,0.21052190449541724,0.9966053180768456,0,127396,0.035284,5,50,0.2
8,"multiDips_2_(0, 100, 0)",10.056287912899515,0.026104588080145086,0.9201562091953668,0,132760,0.035855,5,50,0.2
8,"multiDips_2_(100, 0, 0)",10.380353975193131,0.7782627857681609,0.9153088978733226,0,133958,0.036322,5,50,0.2
8,"multiDips_3_(0, 100, 0)",10.062272460643173,0.026135911604540468,0.9076429313800498,0,133758,0.036126,5,50,0.2
8,"multiDips_4_(0, 100, 0)",10.060902683588024,0.021187156648991467,0.9010146406569418,0,129792,0.037188,5,50,0.2
8,"multiDips_3_(33.33, 33.33, 33.33)",10.189185768452727,0.18655806597314284,0.8162047834499239,0,127397,0.035275,5,50,0.2
8,"multiDips_4_(100, 0, 0)",10.380387496704165,0.7767563022043851,0.9117668416382925,0,136365,0.037467,5,50,0.2
8,"multiDips_2_(33.33, 33.33, 33.33)",10.175081022574215,0.1637896909077109,0.8167837256494794,0,127840,0.035073,5,50,0.2
8,"multiDips_3_(0, 0, 100)",10.097490029428124,0.19514659010715216,0.9982129324002604,0,126809,0.034978,5,50,0.2
8,"multiDips_4_(33.33, 33.33, 33.33)",10.175081022574213,0.1637896909077109,0.8167837256494794,0,130111,0.036577,5,50,0.2
8,"multiDips_4_(0, 0, 100)",10.113903719795832,0.231704062701312,0.9943765685443143,0,127924,0.03763,5,50,0.2
8,"multiDips_3_(100, 0, 0)",10.38307425401424,0.7772611458679176,0.906225338642021,0,607133,0.100144,5,50,0.2
8,MILP,10.384528517218259,0.7818307229041889,0.9126214980288699,0,0,6.050484,5,50,0.2
9,"multiDips_2_(100, 0, 0)",10.383437097789736,0.8409623950793628,0.961831314508156,0,128546,0.035575,5,50,0.2
9,"multiDips_1_(0, 0, 100)",10.136378281443296,0.24714996502281447,0.9689261631912228,0,108876,0.03164,5,50,0.2
9,"multiDips_1_(0, 100, 0)",10.048025375063947,0.030929989047179907,0.945090525038158,0,109703,0.03174,5,50,0.2
9,"multiDips_2_(0, 0, 100)",10.149323903506556,0.2580036066011742,0.9534660511679572,0,127388,0.035311,5,50,0.2
9,"multiDips_1_(100, 0, 0)",10.368520608017258,0.7548555418408669,0.9371577311079348,0,110602,0.0315,5,50,0.2
9,"multiDips_1_(33.33, 33.33, 33.33)",10.219280056807255,0.26290194487811314,0.8355286607861834,0,109433,0.031382,5,50,0.2
9,"multiDips_3_(100, 0, 0)",10.382820731755109,0.8326306622961915,0.9538072258907577,0,128239,0.035402,5,50,0.2
9,"multiDips_3_(33.33, 33.33, 33.33)",10.215746841705814,0.24994435861870387,0.8246850553011428,0,127117,0.035098,5,50,0.2
9,"multiDips_2_(0, 100, 0)",10.054996252626903,0.029130973572432176,0.9277267047158673,0,128300,0.036588,5,50,0.2
9,"multiDips_2_(33.33, 33.33, 33.33)",10.209483883342696,0.23484785654518134,0.8218597200836741,0,127876,0.035908,5,50,0.2
9,"multiDips_3_(0, 0, 100)",10.168677388648115,0.2756279071056128,0.9347668180539076,0,126793,0.035131,5,50,0.2
9,"multiDips_4_(100, 0, 0)",10.383437097789736,0.8409623950793628,0.961831314508156,0,130948,0.03644,5,50,0.2
9,"multiDips_4_(0, 0, 100)",10.159782419072224,0.286132265537472,0.9565257905632261,0,128295,0.036156,5,50,0.2
9,"multiDips_3_(0, 100, 0)",10.045609060740002,0.027149922284937646,0.9418929322404543,0,127479,0.035911,5,50,0.2
9,"multiDips_4_(0, 100, 0)",10.04704114335606,0.03234071026784762,0.9497469911255525,0,136424,0.03769,5,50,0.2
9,"multiDips_4_(33.33, 33.33, 33.33)",10.212484375743742,0.24369228002559318,0.8264574654693564,0,130110,0.036333,5,50,0.2
9,MILP,10.383531773464094,0.8380414999023685,0.9604704680566919,0,0,5.190155,5,50,0.2
10,"multiDips_1_(100, 0, 0)",10.372377326859048,0.743741905311923,0.9171315181241414,0,110210,0.031589,5,50,0.2
10,"multiDips_1_(0, 100, 0)",10.0465780793241,0.03114745439686336,0.948215750753931,0,109827,0.031472,5,50,0.2
10,"multiDips_1_(0, 0, 100)",10.10899267436131,0.21001218456063314,0.9909369893253366,0,108887,0.031239,5,50,0.2
10,"multiDips_1_(33.33, 33.33, 33.33)",10.13502767953551,0.1496946718079582,0.897286720712339,0,109295,0.031337,5,50,0.2
10,"multiDips_2_(0, 100, 0)",10.057535683588023,0.024287640696991467,0.9141486406569418,0,128151,0.035085,5,50,0.2
10,"multiDips_3_(0, 0, 100)",10.104706154637022,0.20759036176246504,0.9973777516525927,0,126813,0.035517,5,50,0.2
10,"multiDips_3_(0, 100, 0)",10.062535655358529,0.02560201231800221,0.9065145100754954,0,127642,0.035121,5,50,0.2
10,"multiDips_2_(100, 0, 0)",10.383796174108355,0.8239454011377386,0.9459167467305608,0,128562,0.035666,5,50,0.2
10,"multiDips_2_(0, 0, 100)",10.10870952057865,0.21430491768381973,0.9936792146729457,0,127396,0.035343,5,50,0.2
10,"multiDips_4_(100, 0, 0)",10.383796174108355,0.8239454011377386,0.9459167467305608,0,131243,0.036744,5,50,0.2
10,"multiDips_3_(33.33, 33.33, 33.33)",10.184008589207208,0.2070125929363917,0.8452283304576749,0,127007,0.035005,5,50,0.2
10,"multiDips_2_(33.33, 33.33, 33.33)",10.171536515601147,0.18251784559817336,0.8421313349168685,0,127444,0.035263,5,50,0.2
10,"multiDips_4_(0, 0, 100)",10.11117445126329,0.2221497608991569,0.9961779105662378,0,128586,0.036063,5,50,0.2
10,"multiDips_4_(33.33, 33.33, 33.33)",10.1531020897682,0.15314912834637479,0.8553913518677352,0,129681,0.03894,5,50,0.2
10,"multiDips_3_(100, 0, 0)",10.382930279222219,0.8312810553930495,0.9511760578156974,0,128095,0.035563,5,50,0.2
10,"multiDips_4_(0, 100, 0)",10.046578079324101,0.03114745439686336,0.948215750753931,0,129359,0.036111,5,50,0.2
10,MILP,10.383844552180305,0.8193404328096412,0.9398230929351347,0,0,5.598299,5,50,0.2
11,"multiDips_1_(33.33, 33.33, 33.33)",10.214220188268289,0.258194404226657,0.8461217632954385,0,110021,0.031511,5,50,0.2
11,"multiDips_2_(100, 0, 0)",10.383838707594558,0.7890250975369935,0.9140943042189139,0,128511,0.035441,5,50,0.2
11,"multiDips_2_(0, 100, 0)",10.057535683588023,0.024287640696991467,0.9141486406569418,0,128151,0.035277,5,50,0.2
11,"multiDips_1_(0, 0, 100)",10.151882089219082,0.25993732539223036,0.9522358704279674,0,108863,0.03151,5,50,0.2
11,"multiDips_3_(0, 100, 0)",10.054811123763841,0.027177564249109533,0.9236530169453323,0,127738,0.035037,5,50,0.2
11,"multiDips_1_(100, 0, 0)",10.378651249645904,0.7946177225816231,0.9428341305754494,0,110400,0.031676,5,50,0.2
11,"multiDips_1_(0, 100, 0)",10.0465780793241,0.03114745439686336,0.948215750753931,0,109827,0.031545,5,50,0.2
11,"multiDips_3_(100, 0, 0)",10.38281797511851,0.8041491091278098,0.9299153188107423,0,128141,0.035391,5,50,0.2
11,"multiDips_3_(33.33, 33.33, 33.33)",10.192423715983232,0.1979231707056076,0.8218892957166752,0,127803,0.035627,5,50,0.2
11,"multiDips_2_(0, 0, 100)",10.15858864063833,0.27325411212020734,0.9512481746486002,0,127376,0.035333,5,50,0.2
11,"multiDips_4_(100, 0, 0)",10.378642671594621,0.791865917620744,0.9365216617109806,0,130271,0.036847,5,50,0.2
11,"multiDips_4_(0, 100, 0)",10.056830066811973,0.02790099648293405,0.9212151308490713,0,129590,0.036371,5,50,0.2
11,"multiDips_3_(0, 0, 100)",10.170963062651884,0.2833546186159768,0.93795093786729,0,126781,0.035276,5,50,0.2
11,"multiDips_4_(33.33, 33.33, 33.33)",10.176015164990726,0.1715389211581721,0.8268201949767471,0,130867,0.038124,5,50,0.2
11,"multiDips_4_(0, 0, 100)",10.150951472227906,0.25771154229380494,0.9526363744828624,0,130005,0.036052,5,50,0.2
11,"multiDips_2_(33.33, 33.33, 33.33)",10.176015164990726,0.1715389211581721,0.8268201949767471,0,128044,0.03501,5,50,0.2
11,MILP,10.38389979127774,0.790030572111031,0.9198710013293051,0,0,5.549052,5,50,0.2
12,"multiDips_2_(33.33, 33.33, 33.33)",10.173442930197197,0.15996529772926948,0.8158892979909066,0,127664,0.035251,5,50,0.2
12,"multiDips_1_(0, 100, 0)",10.044479337121686,0.03548534298611764,0.9610860175095242,0,364823,0.065238,5,50,0.2
12,"multiDips_1_(100, 0, 0)",10.38414063299622,0.7798252615263624,0.9157795002945903,0,109992,0.031352,5,50,0.2
12,"multiDips_1_(33.33, 33.33, 33.33)",10.222570134306762,0.27425504574957793,0.8452921496381844,0,109412,0.031295,5,50,0.2
12,"multiDips_1_(0, 0, 100)",10.162059706412093,0.2693950428541911,0.9430887199176834,0,108883,0.03144,5,50,0.2
12,"multiDips_2_(0, 100, 0)",10.057687310154154,0.027246042867685116,0.9198716666719826,0,566904,0.08973,5,50,0.2
12,"multiDips_4_(0, 100, 0)",10.058780877644207,0.02616050180495848,0.9153889870660263,0,613406,0.097477,5,50,0.2
12,"multiDips_2_(100, 0, 0)",10.383838707594558,0.7890250975369935,0.9140943042189139,0,128511,0.035273,5,50,0.2
12,"multiDips_3_(0, 100, 0)",10.062827856603647,0.02904872170711078,0.9129028849638577,0,310419,0.058038,5,50,0.2
12,"multiDips_2_(0, 0, 100)",10.1685234664422,0.28133071316499453,0.9409778950958478,0,127388,0.035552,5,50,0.2
12,"multiDips_3_(0, 0, 100)",10.180131632254207,0.2907000051634768,0.9283470838998558,0,126789,0.034908,5,50,0.2
12,"multiDips_3_(100, 0, 0)",10.383238655498834,0.7754235625277678,0.9045477724726841,0,128018,0.035404,5,50,0.2
12,"multiDips_4_(0, 0, 100)",10.147198779530093,0.2478773645103681,0.953769492118444,0,129930,0.036625,5,50,0.2
12,"multiDips_4_(33.33, 33.33, 33.33)",10.176443422598243,0.1672897212096813,0.8172870433765889,0,129366,0.036571,5,50,0.2
12,"multiDips_4_(100, 0, 0)",10.378937596191943,0.7777356354915236,0.9159284003671175,0,129979,0.037624,5,50,0.2
12,"multiDips_3_(33.33, 33.33, 33.33)",10.185971329737924,0.18300541925446404,0.8179670237984927,0,127369,0.035438,5,50,0.2
12,MILP,10.38388708566651,0.7844201292088961,0.9080006504234878,0,0,5.794143,5,50,0.2
13,"multiDips_1_(100, 0, 0)",10.383646935942586,0.791580391608413,0.9240172253316483,0,110236,0.031547,5,50,0.2
13,"multiDips_1_(0, 0, 100)",10.166609837400369,0.28196067440790784,0.941806330431664,0,108865,0.031319,5,50,0.2
13,"multiDips_1_(0, 100, 0)",10.0465780793241,0.03114745439686336,0.948215750753931,0,109827,0.031281,5,50,0.2
13,"multiDips_1_(33.33, 33.33, 33.33)",10.213710470555341,0.2562100342250653,0.8458889657416371,0,109626,0.031811,5,50,0.2
13,"multiDips_2_(33.33, 33.33, 33.33)",10.17030917352674,0.15417170797818813,0.8179656885524949,0,128073,0.03528,5,50,0.2
13,"multiDips_2_(0, 100, 0)",10.057535683588023,0.024287640696991467,0.9141486406569418,0,128151,0.035387,5,50,0.2
13,"multiDips_3_(0, 100, 0)",10.062535655358529,0.02560201231800221,0.9065145100754954,0,127642,0.035649,5,50,0.2
13,"multiDips_2_(100, 0, 0)",10.383114800617125,0.792130678357522,0.9246811101110877,0,128964,0.036036,5,50,0.2
13,"multiDips_2_(0, 0, 100)",10.117687393222832,0.22614817165041334,0.9862217466938243,0,127388,0.035261,5,50,0.2
13,"multiDips_4_(0, 100, 0)",10.062350423969404,0.027937116354823082,0.9117309937964174,0,136723,0.037463,5,50,0.2
13,"multiDips_3_(0, 0, 100)",10.121745157637623,0.22695581932842207,0.9822062760423519,0,126805,0.035618,5,50,0.2
13,"multiDips_3_(33.33, 33.33, 33.33)",10.18690873386892,0.18227081046497196,0.8171295554844081,0,127572,0.035099,5,50,0.2
13,"multiDips_4_(33.33, 33.33, 33.33)",10.190923309839421,0.1905335909804494,0.8163678898499533,0,333484,0.062714,5,50,0.2
13,"multiDips_4_(100, 0, 0)",10.37651808149059,0.7575507429024787,0.9247675405298779,0,130894,0.036289,5,50,0.2
13,"multiDips_4_(0, 0, 100)",10.137013964624446,0.2507365499399782,0.9724372474324662,0,129932,0.036876,5,50,0.2
13,"multiDips_3_(100, 0, 0)",10.383515968208963,0.7748038129691626,0.9099607809225686,0,8099346,1.010964,5,50,0.2
13,MILP,10.383646935942586,0.793100391608413,0.9272172253316483,0,0,5.38334,5,50,0.2
14,"multiDips_1_(100, 0, 0)",10.38356818073143,0.7971349324302555,0.9248208499352996,0,117346,0.032629,5,50,0.2
14,"multiDips_1_(0, 0, 100)",10.166654646745334,0.3025480939011348,0.9564498713319034,0,108864,0.031114,5,50,0.2
14,"multiDips_1_(0, 100, 0)",10.0465780793241,0.03114745439686336,0.948215750753931,0,109827,0.031545,5,50,0.2
14,"multiDips_1_(33.33, 33.33, 33.33)",10.221104464373317,0.28337918662690165,0.8435897690963627,0,108949,0.031178,5,50,0.2
14,"multiDips_2_(0, 100, 0)",10.059104428522211,0.024347301780635853,0.9111111557607336,0,128361,0.035504,5,50,0.2
14,"multiDips_2_(100, 0, 0)",10.383853564155476,0.7859266127726717,0.911542706658518,0,128621,0.036333,5,50,0.2
14,"multiDips_2_(33.33, 33.33, 33.33)",10.176301506370624,0.1928643463714546,0.8441436764749419,0,127552,0.03525,5,50,0.2
14,"multiDips_4_(0, 100, 0)",10.059104428522211,0.024347301780635853,0.9111111557607336,0,131184,0.036734,5,50,0.2
14,"multiDips_3_(0, 0, 100)",10.122043804393517,0.22639024707678773,0.9811134057456177,0,126801,0.034984,5,50,0.2
14,"multiDips_2_(0, 0, 100)",10.11962701970142,0.2275261565654486,0.9838885597457068,0,127384,0.035588,5,50,0.2
14,"multiDips_3_(0, 100, 0)",10.062535655358529,0.02560201231800221,0.9065145100754954,0,127642,0.035668,5,50,0.2
14,"multiDips_4_(33.33, 33.33, 33.33)",10.204967316418326,0.25289632214155344,0.8464743178601535,0,129188,0.036225,5,50,0.2
14,"multiDips_3_(33.33, 33.33, 33.33)",10.190626894373906,0.22396675639766025,0.8477336254630689,0,127051,0.035383,5,50,0.2
14,"multiDips_4_(0, 0, 100)",10.166654646745334,0.3025480939011348,0.9564498713319034,0,127715,0.035699,5,50,0.2
14,"multiDips_4_(100, 0, 0)",10.377970427099392,0.7290667603200224,0.876540985308989,0,130910,0.036115,5,50,0.2
14,"multiDips_3_(100, 0, 0)",10.384211542866595,0.7848682879435631,0.9110559301887119,0,10938061,1.352997,5,50,0.2
14,MILP,10.38391196397007,0.7856238454023136,0.9165467901830778,0,0,6.081829,5,50,0.2
15,"multiDips_1_(100, 0, 0)",10.37870415062485,0.7938082438984273,0.9454943246678247,0,110464,0.031591,5,50,0.2
15,"multiDips_1_(0, 0, 100)",10.15326282664301,0.26737980907343784,0.9548119159175585,0,108840,0.031342,5,50,0.2
15,"multiDips_1_(33.33, 33.33, 33.33)",10.222570134306764,0.274255045749578,0.8452921496381844,0,109622,0.031495,5,50,0.2
15,"multiDips_1_(0, 100, 0)",10.0465780793241,0.03114745439686336,0.948215750753931,0,109827,0.031675,5,50,0.2
15,"multiDips_2_(100, 0, 0)",10.383811030669273,0.8208469163734169,0.9433651491701649,0,128623,0.03555,5,50,0.2
15,"multiDips_2_(0, 100, 0)",10.057535683588023,0.024287640696991467,0.9141486406569418,0,128151,0.03548,5,50,0.2
15,"multiDips_2_(33.33, 33.33, 33.33)",10.175081022574215,0.1637896909077109,0.8167837256494794,0,127830,0.035444,5,50,0.2
15,"multiDips_2_(0, 0, 100)",10.116156635691294,0.22142661904909866,0.9848137720866013,0,127368,0.035161,5,50,0.2
15,"multiDips_3_(100, 0, 0)",10.383083225096279,0.8006843881971931,0.9272086863845246,0,128170,0.035301,5,50,0.2
15,"multiDips_3_(0, 100, 0)",10.062535655358529,0.02560201231800221,0.9065145100754954,0,127642,0.035653,5,50,0.2
15,"multiDips_4_(0, 100, 0)",10.062535655358529,0.02560201231800221,0.9065145100754954,0,130460,0.036656,5,50,0.2
15,"multiDips_4_(100, 0, 0)",10.372569042247429,0.7931384937587254,0.9496468701004095,0,131235,0.036842,5,50,0.2
15,"multiDips_3_(33.33, 33.33, 33.33)",10.191462803036535,0.19122532148131374,0.8160800114154396,0,127274,0.035139,5,50,0.2
15,"multiDips_3_(0, 0, 100)",10.118573420383388,0.2202907095604378,0.982038618086512,0,126785,0.034888,5,50,0.2
15,"multiDips_4_(33.33, 33.33, 33.33)",10.175081022574215,0.1637896909077109,0.8167837256494794,0,129061,0.036229,5,50,0.2
15,"multiDips_4_(0, 0, 100)",10.145705005293513,0.23370308661693912,0.939640188166664,0,129302,0.036784,5,50,0.2
15,MILP,10.383091256178059,0.827354465733902,0.9468829121072612,0,0,5.952901,5,50,0.2
16,"multiDips_1_(0, 100, 0)",10.043974076528304,0.03294973443465492,0.9565237911507203,0,110150,0.031953,5,50,0.2
16,"multiDips_1_(100, 0, 0)",10.38418803513952,0.7807890715303293,0.9208958049547808,0,109940,0.031822,5,50,0.2
16,"multiDips_1_(0, 0, 100)",10.161781264773566,0.2717170546196241,0.9446028589424698,0,108860,0.031155,5,50,0.2
16,"multiDips_1_(33.33, 33.33, 33.33)",10.222570134306764,0.274255045749578,0.8452921496381844,0,109626,0.031455,5,50,0.2
16,"multiDips_2_(0, 0, 100)",10.154863730610836,0.2682844055037146,0.9530501778891375,0,127372,0.035051,5,50,0.2
16,"multiDips_2_(0, 100, 0)",10.056763620441773,0.025995682531889146,0.9190907748529683,0,128171,0.035456,5,50,0.2
16,"multiDips_2_(33.33, 33.33, 33.33)",10.175081022574215,0.1637896909077109,0.8167837256494794,0,127836,0.035735,5,50,0.2
16,"multiDips_3_(0, 100, 0)",10.060807422851841,0.02606195640661037,0.9104589877048295,0,127785,0.035376,5,50,0.2
16,"multiDips_4_(0, 100, 0)",10.043974076528304,0.03294973443465492,0.9565237911507203,0,129001,0.036108,5,50,0.2
16,"multiDips_2_(100, 0, 0)",10.383853564155476,0.7859266127726717,0.911542706658518,0,128573,0.035883,5,50,0.2
16,"multiDips_3_(0, 0, 100)",10.16779706511867,0.28033005957545937,0.940824635754824,0,126777,0.035003,5,50,0.2
16,"multiDips_4_(0, 0, 100)",10.14037634731405,0.257083978559522,0.9704195485268496,0,128066,0.036213,5,50,0.2
16,"multiDips_4_(33.33, 33.33, 33.33)",10.223993993956508,0.27332595696438305,0.8371902136603937,0,128616,0.036531,5,50,0.2
16,"multiDips_3_(33.33, 33.33, 33.33)",10.191462803036535,0.19122532148131374,0.8160800114154396,0,127284,0.035106,5,50,0.2
16,"multiDips_4_(100, 0, 0)",10.384148551451874,0.7755535905039956,0.9100986997266757,0,8265094,1.048604,5,50,0.2
16,"multiDips_3_(100, 0, 0)",10.38449120197379,0.7835071091398886,0.9082022658295766,0,9361598,1.164899,5,50,0.2
16,MILP,10.38389979127774,0.790030572111031,0.9198710013293051,0,0,5.420082,5,50,0.2
17,"multiDips_1_(100, 0, 0)",10.359735131310838,0.7725575005723849,0.9689593816724975,0,111129,0.031711,5,50,0.2
17,"multiDips_1_(0, 0, 100)",10.163429614350196,0.29387533572461483,0.9565143179750095,0,108867,0.031378,5,50,0.2
17,"multiDips_1_(0, 100, 0)",10.061915251486818,0.03446623746833215,0.9239130573033076,0,117518,0.03246,5,50,0.2
17,"multiDips_2_(100, 0, 0)",10.387590040246462,0.7764819357021305,0.8957918926059103,0,128277,0.035558,5,50,0.2
17,"multiDips_3_(0, 100, 0)",10.057443321584895,0.03427798103605016,0.9325830052452275,0,134160,0.036441,5,50,0.2
17,"multiDips_3_(100, 0, 0)",10.38736623023538,0.7768285020466047,0.8948756682291831,0,127786,0.035266,5,50,0.2
17,"multiDips_3_(0, 0, 100)",10.122503919246597,0.22730560670498276,0.9812393203915195,0,126805,0.035109,5,50,0.2
17,"multiDips_2_(0, 0, 100)",10.1200871345545,0.22844151619364364,0.9840144743916086,0,127388,0.035159,5,50,0.2
17,"multiDips_2_(0, 100, 0)",10.05975315538647,0.028546650890607685,0.9151818489041232,0,128647,0.035899,5,50,0.2
17,"multiDips_4_(0, 100, 0)",10.060678815549542,0.03398695853920443,0.9236686704203484,0,137167,0.037573,5,50,0.2
17,"multiDips_4_(100, 0, 0)",10.387373168340645,0.7764816883046497,0.8948048712367019,0,129967,0.036823,5,50,0.2
17,"multiDips_4_(0, 0, 100)",10.129995090596752,0.24517245988066896,0.980760621946601,0,409475,0.072283,5,50,0.2
17,"multiDips_2_(33.33, 33.33, 33.33)",10.229936991271266,0.27433707259111734,0.8253632685408782,0,6469409,0.82374,5,50,0.2
17,MILP,10.387663296621975,0.7719406835674505,0.8958443785700742,0,0,4.870954,5,50,0.2
17,"multiDips_3_(33.33, 33.33, 33.33)",10.244319057710078,0.30108968293759386,0.8194665141034434,0,1940269032,230.374812,5,50,0.2
17,"multiDips_4_(33.33, 33.33, 33.33)",10.241394031964882,0.29349138606224856,0.8176597763831209,0,2105754518,255.532317,5,50,0.2
17,"multiDips_1_(33.33, 33.33, 33.33)",10.239748888983007,0.2964577788827538,0.8294229820517439,0,2212991960,265.093062,5,50,0.2
18,"multiDips_1_(100, 0, 0)",10.383511701305482,0.796950427753204,0.9253971706082229,0,117883,0.03312,5,50,0.2
18,"multiDips_1_(0, 100, 0)",10.048025375063947,0.030929989047179907,0.945090525038158,0,109706,0.031487,5,50,0.2
18,"multiDips_1_(33.33, 33.33, 33.33)",10.166008200787072,0.17048353064837934,0.8639979421892663,0,109508,0.031447,5,50,0.2
18,"multiDips_2_(0, 100, 0)",10.057535683588023,0.024287640696991467,0.9141486406569418,0,128150,0.035521,5,50,0.2
18,"multiDips_3_(0, 0, 100)",10.150067188314681,0.26104680209257947,0.963577728561364,0,131017,0.035907,5,50,0.2
18,"multiDips_2_(100, 0, 0)",10.377405112476737,0.7816268382773865,0.9225706367042801,0,128886,0.036022,5,50,0.2
18,"multiDips_1_(0, 0, 100)",10.14617844820359,0.26457792824714754,0.9672608565739635,0,108988,0.031705,5,50,0.2
18,"multiDips_4_(0, 100, 0)",10.062999097100871,0.026959188907407977,0.9078564268721241,0,136939,0.037686,5,50,0.2
18,"multiDips_2_(33.33, 33.33, 33.33)",10.148054497275947,0.11174166014747841,0.8236717300572984,0,127823,0.035854,5,50,0.2
18,"multiDips_4_(100, 0, 0)",10.360577738293445,0.7275865643399613,0.922996168632264,0,130094,0.036478,5,50,0.2
18,"multiDips_4_(33.33, 33.33, 33.33)",10.161562869804822,0.1458655559578569,0.8355150564209766,0,130188,0.036718,5,50,0.2
18,"multiDips_3_(100, 0, 0)",10.376694359728607,0.7661463368006913,0.9141537034520116,0,128241,0.036006,5,50,0.2
18,"multiDips_4_(0, 0, 100)",10.142532253264324,0.2526011372114015,0.964896880025542,0,128441,0.036329,5,50,0.2
18,"multiDips_3_(33.33, 33.33, 33.33)",10.152885173066045,0.12641222492335663,0.830583992784417,0,127378,0.035035,5,50,0.2
18,"multiDips_3_(0, 100, 0)",10.061964385760632,0.02482503545291575,0.9056378468809908,0,127741,0.035229,5,50,0.2
18,"multiDips_2_(0, 0, 100)",10.147889714929306,0.2612541464857227,0.9682038316158045,0,337011,0.062914,5,50,0.2
18,MILP,10.384497257800701,0.7780046441534182,0.909740471677421,0,0,6.044311,5,50,0.2
19,"multiDips_1_(100, 0, 0)",10.38414063299622,0.7798252615263624,0.9157795002945903,0,109992,0.031616,5,50,0.2
19,"multiDips_1_(0, 100, 0)",10.04559384761621,0.03255817561753108,0.9528722168413254,0,394429,0.068274,5,50,0.2
19,"multiDips_2_(100, 0, 0)",10.383838707594558,0.7890250975369935,0.9140943042189139,0,128511,0.035342,5,50,0.2
19,"multiDips_3_(33.33, 33.33, 33.33)",10.20293572164951,0.23091303953823952,0.8391577687595382,0,127989,0.035348,5,50,0.2
19,"multiDips_2_(0, 100, 0)",10.059215389917652,0.024408930591492923,0.9110455278128881,0,133173,0.036385,5,50,0.2
19,"multiDips_1_(0, 0, 100)",10.162059706412093,0.2693950428541911,0.9430887199176834,0,108903,0.031597,5,50,0.2
19,"multiDips_4_(0, 100, 0)",10.059215389917654,0.024408930591492926,0.9110455278128882,0,135948,0.037772,5,50,0.2
19,"multiDips_3_(100, 0, 0)",10.383238655498834,0.7754235625277678,0.9045477724726841,0,128018,0.035759,5,50,0.2
19,"multiDips_4_(100, 0, 0)",10.377705177121623,0.7336714812506391,0.8816476177352066,0,129728,0.036411,5,50,0.2
19,"multiDips_2_(33.33, 33.33, 33.33)",10.19013185416884,0.21362351689491185,0.8436161133537406,0,128279,0.035574,5,50,0.2
19,"multiDips_1_(33.33, 33.33, 33.33)",10.23352133788311,0.30338968986498294,0.8482992078090891,0,109876,0.031783,5,50,0.2
19,"multiDips_2_(0, 0, 100)",10.167831411468116,0.2812869128048785,0.9424072689768179,0,127412,0.034886,5,50,0.2
19,"multiDips_4_(0, 0, 100)",10.160142087807943,0.2672139770360001,0.945605300651376,0,130049,0.036565,5,50,0.2
19,"multiDips_3_(0, 100, 0)",10.06253565535853,0.02446201231800221,0.9041145100754955,0,362991,0.066356,5,50,0.2
19,"multiDips_3_(0, 0, 100)",10.179439577280123,0.2906562048033608,0.9297764577808258,0,126813,0.035293,5,50,0.2
19,"multiDips_4_(33.33, 33.33, 33.33)",10.19013185416884,0.21362351689491182,0.8436161133537405,0,130345,0.036094,5,50,0.2
19,MILP,10.383869430483866,0.8194041490030587,0.9459692326947248,0,0,5.662305,5,50,0.2
20,"multiDips_1_(0, 100, 0)",10.058180833073969,0.03422878750167833,0.9309632533485939,0,110177,0.031444,5,50,0.2
20,"multiDips_1_(100, 0, 0)",10.38341880851683,0.785514777529392,0.9263450562067201,0,116346,0.032586,5,50,0.2
20,"multiDips_1_(33.33, 33.33, 33.33)",10.200038269466933,0.22064452708404714,0.8393645742472635,0,109613,0.031203,5,50,0.2
20,"multiDips_1_(0, 0, 100)",10.082451926337534,0.1833067672367838,1.0137267932320628,0,108925,0.031421,5,50,0.2
20,"multiDips_2_(0, 100, 0)",10.058143799475177,0.025739840425233307,0.9122915982763435,0,128699,0.035897,5,50,0.2
20,"multiDips_3_(0, 0, 100)",10.08265572731445,0.1841164277871375,1.0147630444697842,0,126971,0.0351,5,50,0.2
20,"multiDips_2_(33.33, 33.33, 33.33)",10.200239937806856,0.20745933953615195,0.8143355101919089,0,128041,0.035311,5,50,0.2
20,"multiDips_3_(0, 100, 0)",10.059631353479492,0.032393652155041565,0.923083570078957,0,134188,0.036526,5,50,0.2
20,"multiDips_2_(100, 0, 0)",10.38340941624206,0.7762896393251836,0.9160748282239867,0,129067,0.035758,5,50,0.2
20,"multiDips_2_(0, 0, 100)",10.085433567729288,0.19165384734826804,1.0145411006932328,0,127434,0.034945,5,50,0.2
20,"multiDips_4_(0, 0, 100)",10.07764832728544,0.1727957371318201,1.0100807100899318,0,130059,0.036634,5,50,0.2
20,"multiDips_3_(33.33, 33.33, 33.33)",10.215527994135254,0.23750100912240946,0.8144007175372757,0,127566,0.035485,5,50,0.2
20,"multiDips_4_(33.33, 33.33, 33.33)",10.203150866421765,0.2176311758323878,0.8210959664922781,0,128492,0.036065,5,50,0.2
20,"multiDips_3_(100, 0, 0)",10.38311035756857,0.7565996377478079,0.9010569350264227,0,354262,0.064796,5,50,0.2
20,"multiDips_4_(100, 0, 0)",10.380560466482713,0.7822475731243633,0.9330554625354627,0,131379,0.037034,5,50,0.2
20,"multiDips_4_(0, 100, 0)",10.058180833073969,0.03422878750167833,0.9309632533485939,0,134608,0.037462,5,50,0.2
20,MILP,10.384146696155074,0.7706903339973463,0.9157176313266733,0,0,5.740662,5,50,0.2
21,"multiDips_1_(0, 100, 0)",10.05115053164518,0.03399485462420444,0.9447136077946329,0,110370,0.031382,5,50,0.2
21,"multiDips_1_(100, 0, 0)",10.38414063299622,0.7798252615263624,0.9157795002945903,0,109992,0.031694,5,50,0.2
21,"multiDips_1_(33.33, 33.33, 33.33)",10.21794042959176,0.2675146197780979,0.8454950918619846,0,109909,0.03119,5,50,0.2
21,"multiDips_2_(100, 0, 0)",10.383838707594558,0.7890250975369935,0.9140943042189139,0,128511,0.035122,5,50,0.2
21,"multiDips_1_(0, 0, 100)",10.177986619522777,0.32235601389993285,0.9548224495788193,0,108855,0.031247,5,50,0.2
21,"multiDips_2_(0, 100, 0)",10.066239730178292,0.021882210359935234,0.8916347998852733,0,128487,0.035533,5,50,0.2
21,"multiDips_3_(33.33, 33.33, 33.33)",10.187835580398904,0.1884977917768448,0.8215315762962047,0,127877,0.035359,5,50,0.2
21,"multiDips_3_(100, 0, 0)",10.383238655498834,0.7754235625277678,0.9045477724726841,0,128018,0.035354,5,50,0.2
21,"multiDips_2_(0, 0, 100)",10.130530357663773,0.24835929823403274,0.9823439236303194,0,127380,0.035483,5,50,0.2
21,"multiDips_3_(0, 100, 0)",10.0697269408854,0.029138276044455833,0.8992707046249653,0,128103,0.035499,5,50,0.2
21,"multiDips_2_(33.33, 33.33, 33.33)",10.175783045873944,0.1721437260234377,0.8275390181275125,0,127713,0.035621,5,50,0.2
21,"multiDips_4_(0, 100, 0)",10.066239730178294,0.021882210359935234,0.8916347998852733,0,131302,0.036846,5,50,0.2
21,"multiDips_3_(0, 0, 100)",10.133130425555969,0.2487713877357558,0.9803467496903218,0,126793,0.035246,5,50,0.2
21,"multiDips_4_(100, 0, 0)",10.383563580127872,0.7952904544417941,0.9267701186697718,0,131272,0.036622,5,50,0.2
21,"multiDips_4_(33.33, 33.33, 33.33)",10.216107238079719,0.2636588112457775,0.8449995483564422,0,129074,0.036405,5,50,0.2
21,"multiDips_4_(0, 0, 100)",10.169167077076656,0.31614339378838896,0.9644456704603642,0,127912,0.036327,5,50,0.2
21,MILP,10.38389979127774,0.790030572111031,0.9198710013293051,0,0,5.367124,5,50,0.2
22,"multiDips_1_(100, 0, 0)",10.38414063299622,0.7798252615263624,0.9157795002945903,0,109992,0.031732,5,50,0.2
22,"multiDips_1_(0, 0, 100)",10.17111395541305,0.2937923880739325,0.945543347570041,0,108908,0.031706,5,50,0.2
22,"multiDips_1_(33.33, 33.33, 33.33)",10.222570134306764,0.274255045749578,0.8452921496381844,0,109626,0.031369,5,50,0.2
22,"multiDips_2_(0, 100, 0)",10.057535683588023,0.024287640696991467,0.9141486406569418,0,128151,0.035167,5,50,0.2
22,"multiDips_1_(0, 100, 0)",10.0465780793241,0.03114745439686336,0.948215750753931,0,109827,0.031562,5,50,0.2
22,"multiDips_2_(0, 0, 100)",10.166346714014718,0.27352063083260575,0.9397207958433516,0,127404,0.035135,5,50,0.2
22,"multiDips_2_(33.33, 33.33, 33.33)",10.175081022574215,0.1637896909077109,0.8167837256494794,0,127836,0.035416,5,50,0.2
22,"multiDips_3_(100, 0, 0)",10.383487408969668,0.7734787076586389,0.9012094717499124,0,131882,0.035692,5,50,0.2
22,"multiDips_2_(100, 0, 0)",10.383838707594558,0.7890250975369935,0.9140943042189139,0,128511,0.035814,5,50,0.2
22,"multiDips_4_(33.33, 33.33, 33.33)",10.221051739258709,0.27028790414563714,0.8446680141839656,0,129484,0.037027,5,50,0.2
22,"multiDips_3_(0, 100, 0)",10.062535655358529,0.02560201231800221,0.9065145100754954,0,127642,0.035445,5,50,0.2
22,"multiDips_4_(100, 0, 0)",10.384485703138143,0.7830003978270513,0.9058583763973919,0,133668,0.036773,5,50,0.2
22,"multiDips_3_(0, 0, 100)",10.175458455824096,0.2777498764947406,0.9262650736192258,0,126809,0.035098,5,50,0.2
22,"multiDips_4_(0, 0, 100)",10.166254795985694,0.27960867607835194,0.9433940989269807,0,130041,0.036368,5,50,0.2
22,"multiDips_4_(0, 100, 0)",10.046578079324101,0.026207454396863356,0.9378157507539311,0,129684,0.036473,5,50,0.2
22,"multiDips_3_(33.33, 33.33, 33.33)",10.191462803036535,0.19122532148131374,0.8160800114154396,0,127284,0.035271,5,50,0.2
22,MILP,10.38389979127774,0.790030572111031,0.9198710013293051,0,0,5.494012,5,50,0.2
23,"multiDips_1_(0, 100, 0)",10.050959591856007,0.032571071252533494,0.9422647578236962,0,116100,0.032252,5,50,0.2
23,"multiDips_2_(100, 0, 0)",10.38391196397007,0.7829638454023135,0.9109467901830779,0,128656,0.035367,5,50,0.2
23,"multiDips_1_(33.33, 33.33, 33.33)",10.222570134306764,0.274255045749578,0.8452921496381844,0,109626,0.031468,5,50,0.2
23,"multiDips_1_(0, 0, 100)",10.166654646745334,0.3025480939011348,0.9564498713319034,0,108943,0.031422,5,50,0.2
23,"multiDips_1_(100, 0, 0)",10.383646935942586,0.791580391608413,0.9240172253316483,0,110242,0.031699,5,50,0.2
23,"multiDips_3_(0, 100, 0)",10.067289031445371,0.027942608937314557,0.9013199959359421,0,128530,0.03556,5,50,0.2
23,"multiDips_2_(33.33, 33.33, 33.33)",10.175081022574215,0.1637896909077109,0.8167837256494794,0,127836,0.035427,5,50,0.2
23,"multiDips_4_(33.33, 33.33, 33.33)",10.223993993956508,0.27332595696438305,0.8371902136603937,0,128616,0.03627,5,50,0.2
23,"multiDips_3_(100, 0, 0)",10.38348949634718,0.7694752994702089,0.9011881719793842,0,128118,0.035453,5,50,0.2
23,"multiDips_4_(0, 0, 100)",10.118643681756605,0.21330082940515915,0.9711262150979174,0,129398,0.036305,5,50,0.2
23,"multiDips_3_(33.33, 33.33, 33.33)",10.191462803036535,0.19122532148131374,0.8160800114154396,0,127284,0.035084,5,50,0.2
23,"multiDips_2_(0, 100, 0)",10.066483123343016,0.0273915437325007,0.9029476605799631,0,133156,0.03631,5,50,0.2
23,"multiDips_4_(100, 0, 0)",10.38449472862092,0.7790301758966663,0.9065662796343825,0,129012,0.03646,5,50,0.2
23,"multiDips_2_(0, 0, 100)",10.127071992390634,0.2400587364889019,0.9840364849626518,0,327867,0.06131,5,50,0.2
23,"multiDips_4_(0, 100, 0)",10.050959591856007,0.027251071252533496,0.9310647578236965,0,129209,0.03655,5,50,0.2
23,"multiDips_3_(0, 0, 100)",10.128959879166764,0.23808796559967196,0.9789087351249308,0,130849,0.035725,5,50,0.2
23,MILP,10.383885382148314,0.7879270299840886,0.9200180332622229,0,0,5.914948,5,50,0.2
24,"multiDips_1_(100, 0, 0)",10.38414063299622,0.7798252615263624,0.9157795002945903,0,109992,0.031398,5,50,0.2
24,"multiDips_1_(0, 100, 0)",10.04588135665404,0.03514669943557057,0.9578212182832908,0,115531,0.032305,5,50,0.2
24,"multiDips_2_(0, 100, 0)",10.059476428921611,0.02425269034666563,0.9102671499897638,0,128232,0.035196,5,50,0.2
24,"multiDips_2_(33.33, 33.33, 33.33)",10.174781168584135,0.1652983875313548,0.8216952396555843,0,329808,0.0593,5,50,0.2
24,"multiDips_1_(33.33, 33.33, 33.33)",10.222941090036795,0.2753362846441225,0.8457276887027398,0,337606,0.061609,5,50,0.2
24,"multiDips_1_(0, 0, 100)",10.10899267436131,0.21001218456063314,0.9909369893253366,0,108867,0.031439,5,50,0.2
24,"multiDips_4_(0, 0, 100)",10.10182796429796,0.20196670492079918,0.9976673280831486,0,129575,0.036193,5,50,0.2
24,"multiDips_2_(100, 0, 0)",10.383838707594558,0.7890250975369935,0.9140943042189139,0,128511,0.035729,5,50,0.2
24,"multiDips_3_(33.33, 33.33, 33.33)",10.191462803036535,0.19464532148131375,0.8232800114154396,0,290190,0.055518,5,50,0.2
24,"multiDips_3_(100, 0, 0)",10.383238655498834,0.7754235625277678,0.9045477724726841,0,128018,0.037575,5,50,0.2
24,"multiDips_3_(0, 100, 0)",10.05794861363222,0.026156886416398302,0.9151780471529158,0,128017,0.03574,5,50,0.2
24,"multiDips_3_(0, 0, 100)",10.104706154637022,0.20759036176246504,0.9973777516525927,0,126793,0.035305,5,50,0.2
24,"multiDips_4_(0, 100, 0)",10.059476428921611,0.02425269034666563,0.9102671499897638,0,131055,0.036757,5,50,0.2
24,"multiDips_4_(100, 0, 0)",10.378937596191944,0.7777356354915236,0.9159284003671175,0,130811,0.037041,5,50,0.2
24,"multiDips_2_(0, 0, 100)",10.10870952057865,0.21430491768381973,0.9936792146729458,0,127498,0.035196,5,50,0.2
24,"multiDips_4_(33.33, 33.33, 33.33)",10.181499464272257,0.18443337302123558,0.8308337603905556,0,291952,0.05643,5,50,0.2
24,MILP,10.38389979127774,0.790030572111031,0.9198710013293051,0,0,5.447328,5,50,0.2
25,"multiDips_1_(100, 0, 0)",10.380400142693457,0.7696960978247209,0.9213112956393467,0,110481,0.031965,5,50,0.2
25,"multiDips_1_(0, 0, 100)",10.146483364210507,0.2552708802093421,0.9578571395789907,0,108874,0.031214,5,50,0.2
25,"multiDips_1_(0, 100, 0)",10.043974076528304,0.03294973443465492,0.9565237911507203,0,110150,0.031443,5,50,0.2
25,"multiDips_2_(0, 100, 0)",10.056763620441773,0.025995682531889146,0.9190907748529683,0,128171,0.035353,5,50,0.2
25,"multiDips_1_(33.33, 33.33, 33.33)",10.205074200245122,0.25091671958656175,0.8440011209973276,0,108958,0.031646,5,50,0.2
25,"multiDips_2_(100, 0, 0)",10.383709070635954,0.7907544495526011,0.9162171303271218,0,128851,0.035374,5,50,0.2
25,"multiDips_3_(0, 100, 0)",10.060807422851841,0.02606195640661037,0.9104589877048295,0,127786,0.035487,5,50,0.2
25,"multiDips_2_(33.33, 33.33, 33.33)",10.174126011709685,0.18839917973062045,0.844151600044386,0,127552,0.035102,5,50,0.2
25,"multiDips_3_(100, 0, 0)",10.38334841428579,0.7761532557514057,0.902627784850701,0,128114,0.03541,5,50,0.2
25,"multiDips_4_(33.33, 33.33, 33.33)",10.216946145221062,0.2696509616767327,0.8377593564285977,0,127951,0.036469,5,50,0.2
25,"multiDips_4_(100, 0, 0)",10.38447129400872,0.782416855700109,0.9092054083303096,0,129568,0.036279,5,50,0.2
25,"multiDips_3_(33.33, 33.33, 33.33)",10.194926088329979,0.22023383181802056,0.8354376755304358,0,127059,0.035006,5,50,0.2
25,"multiDips_4_(0, 100, 0)",10.044586307836793,0.026693624647957423,0.9423113308342959,0,129121,0.036555,5,50,0.2
25,"multiDips_2_(0, 0, 100)",10.130475940672795,0.23265184492442464,0.9682039597424783,0,127408,0.035627,5,50,0.2
25,"multiDips_4_(0, 0, 100)",10.13849128404452,0.24691024629216296,0.9643394483222285,0,130023,0.036499,5,50,0.2
25,"multiDips_3_(0, 0, 100)",10.153880078301722,0.27163414543908215,0.9558035871144814,0,126805,0.042505,5,50,0.2
25,MILP,10.38448508510837,0.7850713708621355,0.9186646828236483,0,0,5.86565,5,50,0.2
26,"multiDips_1_(0, 100, 0)",10.044284100391694,0.03285427265301608,0.9558284549640711,0,110393,0.031223,5,50,0.2
26,"multiDips_1_(33.33, 33.33, 33.33)",10.219916346611043,0.2746670448858815,0.8443097819195976,0,109355,0.031514,5,50,0.2
26,"multiDips_1_(0, 0, 100)",10.18550991932789,0.31586473541044036,0.9313817980383443,0,108877,0.03153,5,50,0.2
26,"multiDips_2_(0, 100, 0)",10.056597936762907,0.02600912629850625,0.9194608730087176,0,128528,0.035624,5,50,0.2
26,"multiDips_2_(0, 0, 100)",10.163407733196882,0.28227953432305014,0.9472898237654315,0,127450,0.035295,5,50,0.2
26,"multiDips_2_(100, 0, 0)",10.383853564155476,0.7859266127726717,0.911542706658518,0,128569,0.035496,5,50,0.2
26,"multiDips_3_(0, 0, 100)",10.190378378832122,0.32166227570469086,0.9269994101554153,0,126797,0.035279,5,50,0.2
26,"multiDips_3_(0, 100, 0)",10.060807422851841,0.02606195640661037,0.9104589877048295,0,127783,0.035646,5,50,0.2
26,"multiDips_3_(100, 0, 0)",10.383213248698118,0.7745865977751507,0.9048070255412325,0,127926,0.03538,5,50,0.2
26,"multiDips_4_(100, 0, 0)",10.37726740501556,0.7352632237573109,0.8920746115287772,0,130660,0.036691,5,50,0.2
26,"multiDips_2_(33.33, 33.33, 33.33)",10.181696054480042,0.19298489045546882,0.8322012392823368,0,127548,0.035306,5,50,0.2
26,"multiDips_4_(0, 100, 0)",10.058569735209323,0.023049409784391378,0.909248758320428,0,136285,0.037499,5,50,0.2
26,"multiDips_3_(33.33, 33.33, 33.33)",10.202909016553827,0.22269663363479572,0.820534569201719,0,127051,0.040117,5,50,0.2
26,"multiDips_4_(33.33, 33.33, 33.33)",10.238518037720047,0.3098013725522448,0.8324424215867985,0,128799,0.035956,5,50,0.2
26,"multiDips_4_(0, 0, 100)",10.153734743374692,0.2813370385032352,0.9634240942316283,0,128087,0.036746,5,50,0.2
26,"multiDips_1_(100, 0, 0)",10.382893408909124,0.7509519672885381,0.896360804576867,0,10612265,1.331119,5,50,0.2
26,MILP,10.383869430483866,0.8178841490030587,0.9427692326947247,0,0,5.849618,5,50,0.2
27,"multiDips_1_(100, 0, 0)",10.375312238433022,0.8487054476452596,0.9930909989154022,0,110579,0.031723,5,50,0.2
27,"multiDips_1_(0, 100, 0)",10.045330308635593,0.031064401780016977,0.9502233192923559,0,115976,0.03218,5,50,0.2
27,"multiDips_1_(0, 0, 100)",10.163487645114309,0.2811693913171409,0.9466441180903231,0,108808,0.031049,5,50,0.2
27,"multiDips_2_(100, 0, 0)",10.376549039707477,0.855260096888245,0.9850385020618218,0,128728,0.035252,5,50,0.2
27,"multiDips_1_(33.33, 33.33, 33.33)",10.222570134306764,0.274255045749578,0.8452921496381844,0,109610,0.031532,5,50,0.2
27,"multiDips_2_(33.33, 33.33, 33.33)",10.175081022574215,0.1637896909077109,0.8167837256494794,0,127822,0.035175,5,50,0.2
27,"multiDips_2_(0, 100, 0)",10.056287912899515,0.026104588080145086,0.9201562091953668,0,132784,0.035984,5,50,0.2
27,"multiDips_3_(0, 0, 100)",10.12972946828897,0.2365229207288164,0.9746933185559477,0,126757,0.035167,5,50,0.2
27,"multiDips_3_(100, 0, 0)",10.375408555104116,0.8549654388150775,0.9889081757409754,0,128380,0.035359,5,50,0.2
27,"multiDips_4_(0, 100, 0)",10.057535683588023,0.02124764069699147,0.9077486406569417,0,130022,0.036594,5,50,0.2
27,"multiDips_2_(0, 0, 100)",10.125915952214926,0.23424427811441673,0.9771994209478182,0,127344,0.035578,5,50,0.2
27,"multiDips_3_(0, 100, 0)",10.052607183714894,0.027746413885973632,0.9286629289170647,0,133888,0.036165,5,50,0.2
27,"multiDips_3_(33.33, 33.33, 33.33)",10.191462803036535,0.19122532148131374,0.8160800114154396,0,127270,0.035795,5,50,0.2
27,"multiDips_4_(33.33, 33.33, 33.33)",10.178281024598483,0.17091027333303155,0.8174138072126655,0,128218,0.036587,5,50,0.2
27,"multiDips_4_(100, 0, 0)",10.375883913380228,0.8573652055883471,0.9996667310507801,0,397948,0.070951,5,50,0.2
27,"multiDips_4_(0, 0, 100)",10.174887341098657,0.30595346490372993,0.9431858342546509,0,127969,0.036035,5,50,0.2
27,MILP,10.376610123390659,0.8562655714622824,0.990815199172213,0,0,5.474869,5,50,0.2
28,"multiDips_1_(100, 0, 0)",10.38414063299622,0.7798252615263624,0.9157795002945903,0,109992,0.031508,5,50,0.2
28,"multiDips_1_(0, 0, 100)",10.158926074302897,0.266977012695165,0.9445718011040737,0,108847,0.031235,5,50,0.2
28,"multiDips_1_(33.33, 33.33, 33.33)",10.216497222852096,0.26324165973482794,0.8467969912609544,0,109439,0.031288,5,50,0.2
28,"multiDips_2_(100, 0, 0)",10.383838707594558,0.7890250975369935,0.9140943042189139,0,128511,0.035251,5,50,0.2
28,"multiDips_3_(33.33, 33.33, 33.33)",10.187720799515688,0.1846303484651507,0.817251681716868,0,127617,0.036021,5,50,0.2
28,"multiDips_2_(33.33, 33.33, 33.33)",10.170560821541887,0.16193015364120983,0.8298158135742256,0,127804,0.035318,5,50,0.2
28,"multiDips_2_(0, 0, 100)",10.147078490166987,0.24942629528726662,0.9485897872858366,0,127388,0.03522,5,50,0.2
28,"multiDips_3_(0, 100, 0)",10.062535655358529,0.02560201231800221,0.9065145100754954,0,127642,0.035244,5,50,0.2
28,"multiDips_2_(0, 100, 0)",10.057535683588023,0.024287640696991467,0.9141486406569418,0,128151,0.035575,5,50,0.2
28,"multiDips_4_(100, 0, 0)",10.37792204902744,0.7336717286481199,0.8826346391044151,0,129403,0.036389,5,50,0.2
28,"multiDips_4_(33.33, 33.33, 33.33)",10.224153911373019,0.2726544263862728,0.8334627544162329,0,129184,0.036104,5,50,0.2
28,"multiDips_3_(100, 0, 0)",10.383238655498834,0.7754235625277678,0.9045477724726841,0,128018,0.035406,5,50,0.2
28,"multiDips_4_(0, 100, 0)",10.067043392372451,0.024918067507819816,0.8964330298289096,0,130186,0.036888,5,50,0.2
28,"multiDips_3_(0, 0, 100)",10.157706869402668,0.2546777440047776,0.933764394043418,0,126789,0.035112,5,50,0.2
28,"multiDips_4_(0, 0, 100)",10.155270609432566,0.2693282805712102,0.9527703859095022,0,127904,0.035727,5,50,0.2
28,MILP,10.38389979127774,0.790030572111031,0.9198710013293051,0,0,5.589115,5,50,0.2
28,"multiDips_1_(0, 100, 0)",10.049115670534166,0.03286381766080945,0.9462042886020878,0,148786696,18.041372,5,50,0.2
29,"multiDips_1_(0, 100, 0)",10.055750439853279,0.03088683204846448,0.9297311679334785,0,109840,0.03157,5,50,0.2
29,"multiDips_1_(100, 0, 0)",10.38245181159885,0.7765343780612719,0.9157767918602957,0,110502,0.031595,5,50,0.2
29,"multiDips_1_(0, 0, 100)",10.140596116840575,0.2522522375735945,0.9652082651682132,0,108900,0.031218,5,50,0.2
29,"multiDips_2_(0, 0, 100)",10.13699553310201,0.25140430138845876,0.9699178343881458,0,127404,0.034963,5,50,0.2
29,"multiDips_2_(100, 0, 0)",10.380615223096328,0.7782750416917289,0.9259070080457217,0,134890,0.036329,5,50,0.2
29,"multiDips_3_(100, 0, 0)",10.381792491615146,0.7722517336377377,0.9159116969418147,0,128963,0.035661,5,50,0.2
29,"multiDips_1_(33.33, 33.33, 33.33)",10.222570134306764,0.274255045749578,0.8452921496381844,0,109626,0.031652,5,50,0.2
29,"multiDips_4_(33.33, 33.33, 33.33)",10.177305747023558,0.16898443611541378,0.8171098703254573,0,128943,0.036315,5,50,0.2
29,"multiDips_4_(100, 0, 0)",10.379945100126436,0.7804825245800611,0.9282741205253986,0,137763,0.037379,5,50,0.2
29,"multiDips_3_(0, 100, 0)",10.06398348429302,0.02691694190071065,0.9051684341248798,0,127816,0.035615,5,50,0.2
29,"multiDips_3_(33.33, 33.33, 33.33)",10.191462803036535,0.19122532148131374,0.8160800114154396,0,127284,0.035277,5,50,0.2
29,"multiDips_2_(0, 100, 0)",10.06968335162096,0.024221219905116533,0.8900536020509433,0,128417,0.035725,5,50,0.2
29,"multiDips_2_(33.33, 33.33, 33.33)",10.175081022574215,0.1637896909077109,0.8167837256494794,0,127836,0.035702,5,50,0.2
29,"multiDips_4_(0, 100, 0)",10.066824956360863,0.031423660194311816,0.9088132148493764,0,142770,0.038471,5,50,0.2
29,"multiDips_4_(0, 0, 100)",10.107513872752211,0.21204510948494337,0.9912659939294098,0,129166,0.036315,5,50,0.2
29,"multiDips_3_(0, 0, 100)",10.15186849408843,0.26482794037523877,0.9553591053057147,0,126805,0.035725,5,50,0.2
29,MILP,10.382941641566651,0.7888709665695878,0.9272480391975582,0,0,5.235294,5,50,0.2
30,"multiDips_1_(100, 0, 0)",10.36777922731101,0.7544432493023618,0.9357065318647115,0,110832,0.031644,5,50,0.2
30,"multiDips_1_(33.33, 33.33, 33.33)",10.214996372294284,0.2666462332204158,0.8551532351874502,0,109630,0.031519,5,50,0.2
30,"multiDips_1_(0, 0, 100)",10.170067210453158,0.28425167768158577,0.9427190529906351,0,448129,0.074371,5,50,0.2
30,"multiDips_2_(33.33, 33.33, 33.33)",10.179055557702776,0.18137474572896425,0.8318195687999329,0,128008,0.035443,5,50,0.2
30,"multiDips_3_(0, 0, 100)",10.118329536439926,0.22292080005641635,0.984587484191918,0,126781,0.035414,5,50,0.2
30,"multiDips_2_(0, 0, 100)",10.129311965509558,0.23715914998644008,0.9754869508795319,0,127364,0.035231,5,50,0.2
30,"multiDips_4_(100, 0, 0)",10.37255418568651,0.796236978523047,0.9521984676608055,0,130629,0.036995,5,50,0.2
30,"multiDips_3_(100, 0, 0)",10.383140774962104,0.8087515534133963,0.9325799262626573,0,128095,0.035747,5,50,0.2
30,"multiDips_3_(33.33, 33.33, 33.33)",10.18989795438407,0.19463420234488835,0.8223426548735407,0,127883,0.035412,5,50,0.2
30,"multiDips_1_(0, 100, 0)",10.045439116289606,0.035546660552578005,0.9592744370095803,0,355049,0.063938,5,50,0.2
30,"multiDips_2_(100, 0, 0)",10.383796174108355,0.8239454011377386,0.9459167467305608,0,128564,0.035489,5,50,0.2
30,"multiDips_4_(33.33, 33.33, 33.33)",10.18989795438407,0.19463420234488835,0.8223426548735407,0,130701,0.037845,5,50,0.2
30,"multiDips_3_(0, 100, 0)",10.062827856603647,0.02904872170711078,0.9129028849638577,0,306702,0.058042,5,50,0.2
30,"multiDips_2_(0, 100, 0)",10.05907636617476,0.027006120747593093,0.9167652784148204,0,568142,0.091023,5,50,0.2
30,"multiDips_4_(0, 100, 0)",10.059546451480735,0.02611248930362941,0.9137151125153059,0,590099,0.09454,5,50,0.2
30,"multiDips_4_(0, 0, 100)",10.167401728279685,0.2953252534730373,0.9572093453767782,0,419305,0.073901,5,50,0.2
30,MILP,10.383857257791535,0.824950875711776,0.951693443840952,0,0,5.994626,5,50,0.2
31,"multiDips_1_(0, 0, 100)",10.116375951146148,0.16361907532238285,0.9407390764952472,0,108873,0.031064,5,50,0.2
31,"multiDips_2_(33.33, 33.33, 33.33)",10.182787830163331,0.19346215342722464,0.840032571990589,0,128381,0.035011,5,50,0.2
31,"multiDips_1_(100, 0, 0)",10.382301158140377,0.7636274904405156,0.9121662553833334,0,110281,0.031785,5,50,0.2
31,"multiDips_1_(0, 100, 0)",10.073316157893682,0.032173467181103914,0.896898326458934,0,405712,0.069795,5,50,0.2
31,"multiDips_1_(33.33, 33.33, 33.33)",10.221020101631975,0.2690907700163108,0.8380388766340873,0,109907,0.03154,5,50,0.2
31,"multiDips_3_(33.33, 33.33, 33.33)",10.193998725209173,0.2054264403480612,0.8303492198330755,0,128076,0.035225,5,50,0.2
31,"multiDips_3_(0, 100, 0)",10.071896342152119,0.027307352532257953,0.8898168859092537,0,128109,0.035297,5,50,0.2
31,"multiDips_2_(100, 0, 0)",10.382280788743417,0.7754819811522549,0.9092841102801175,0,128708,0.03577,5,50,0.2
31,"multiDips_2_(0, 0, 100)",10.108489355806219,0.15631489518801547,0.9486028246812355,0,127380,0.035444,5,50,0.2
31,"multiDips_3_(0, 0, 100)",10.122982136316658,0.17531163879177658,0.9378841223077844,0,126789,0.035453,5,50,0.2
31,"multiDips_4_(100, 0, 0)",10.382581997389567,0.7673736569454995,0.9029005487589616,0,128799,0.036467,5,50,0.2
31,"multiDips_3_(100, 0, 0)",10.383492907805314,0.7728454189714763,0.9011533611820971,0,127904,0.035545,5,50,0.2
31,"multiDips_2_(0, 100, 0)",10.074993160702025,0.025827858137621285,0.8826690458895722,0,128360,0.03575,5,50,0.2
31,"multiDips_4_(33.33, 33.33, 33.33)",10.222800187048168,0.2713700045081399,0.8353186486685714,0,128950,0.036211,5,50,0.2
31,"multiDips_4_(0, 100, 0)",10.074965098354575,0.024306677104578518,0.8795231685436591,0,130451,0.036742,5,50,0.2
31,"multiDips_4_(0, 0, 100)",10.106274549358677,0.15013311281806302,0.946837742318368,0,128308,0.03603,5,50,0.2
31,MILP,10.384496700809436,0.7847738204527264,0.9121461552617612,0,0,5.68178,5,50,0.2
32,"multiDips_1_(100, 0, 0)",10.378769189571539,0.8014065831042437,0.9497481018827119,0,110729,0.031897,5,50,0.2
32,"multiDips_1_(0, 0, 100)",10.172252317039463,0.3081705221889168,0.9553700702086132,0,108857,0.031347,5,50,0.2
32,"multiDips_2_(33.33, 33.33, 33.33)",10.172244639335096,0.16469111608290893,0.8282910846958542,0,132800,0.035963,5,50,0.2
32,"multiDips_1_(0, 100, 0)",10.0465780793241,0.03114745439686336,0.948215750753931,0,109827,0.031654,5,50,0.2
32,"multiDips_2_(100, 0, 0)",10.368527962472836,0.8006262742434836,0.9604684536377486,0,129099,0.035583,5,50,0.2
32,"multiDips_3_(100, 0, 0)",10.376544416712742,0.7955276009762317,0.9389896617791103,0,132543,0.035993,5,50,0.2
32,"multiDips_3_(0, 0, 100)",10.139878112654097,0.2634147319938718,0.981348083527535,0,126793,0.035136,5,50,0.2
32,"multiDips_3_(0, 100, 0)",10.062535655358529,0.02560201231800221,0.9065145100754954,0,127642,0.035331,5,50,0.2
32,"multiDips_2_(0, 100, 0)",10.057535683588023,0.024287640696991467,0.9141486406569418,0,128151,0.035192,5,50,0.2
32,"multiDips_3_(33.33, 33.33, 33.33)",10.182694104585254,0.17955402393520487,0.8214560041616706,0,372778,0.06733,5,50,0.2
32,"multiDips_2_(0, 0, 100)",10.1372780447619,0.2630026424921488,0.9833452574675327,0,127380,0.035297,5,50,0.2
32,"multiDips_4_(0, 0, 100)",10.127338250909482,0.23460828726157523,0.98734134167322,0,129401,0.036103,5,50,0.2
32,"multiDips_4_(100, 0, 0)",10.378769189571539,0.8014065831042437,0.9497481018827119,0,129580,0.036062,5,50,0.2
32,"multiDips_1_(33.33, 33.33, 33.33)",10.219795703316343,0.2706280358305978,0.8471008987496575,0,413203,0.070458,5,50,0.2
32,"multiDips_4_(33.33, 33.33, 33.33)",10.183143960776855,0.1775776714445015,0.8185106043383275,0,389631,0.069886,5,50,0.2
32,"multiDips_4_(0, 100, 0)",10.058521210336894,0.022598764040408195,0.9088056057862903,0,128791,0.038215,5,50,0.2
32,MILP,10.381817789884593,0.8077574715626062,0.950731166344414,0,0,5.896286,5,50,0.2
33,"multiDips_1_(100, 0, 0)",10.381977827772618,0.7669099546863848,0.9098715952282732,0,110019,0.031529,5,50,0.2
33,"multiDips_1_(0, 100, 0)",10.066890428551037,0.023473505027146527,0.8950127080944387,0,109633,0.031448,5,50,0.2
33,"multiDips_1_(33.33, 33.33, 33.33)",10.167405617621329,0.16544960162531605,0.8433025385595752,0,109585,0.031204,5,50,0.2
33,"multiDips_2_(0, 100, 0)",10.057535683588023,0.024287640696991467,0.9141486406569418,0,128150,0.03523,5,50,0.2
33,"multiDips_3_(100, 0, 0)",10.374669655685345,0.7592479825689502,0.9092366026679475,0,128306,0.035479,5,50,0.2
33,"multiDips_1_(0, 0, 100)",10.140596116840575,0.2522522375735945,0.9652082651682132,0,108880,0.03138,5,50,0.2
33,"multiDips_2_(0, 0, 100)",10.136995533102008,0.25140430138845876,0.9699178343881458,0,127506,0.035257,5,50,0.2
33,"multiDips_2_(100, 0, 0)",10.375269707781065,0.772849517578176,0.9187831344141771,0,128799,0.035513,5,50,0.2
33,"multiDips_3_(0, 0, 100)",10.15186849408843,0.26482794037523877,0.9553591053057147,0,126907,0.035404,5,50,0.2
33,"multiDips_2_(33.33, 33.33, 33.33)",10.185730524950813,0.1936835372420335,0.8268954609889017,0,128082,0.035179,5,50,0.2
33,"multiDips_3_(0, 100, 0)",10.071136213095167,0.023032018172124965,0.8853741142953809,0,127578,0.035359,5,50,0.2
33,"multiDips_4_(0, 0, 100)",10.13610895565371,0.25179108896042784,0.9720875153607622,0,127933,0.035932,5,50,0.2
33,"multiDips_3_(33.33, 33.33, 33.33)",10.17449368803843,0.16463863478167817,0.8242756607351905,0,127580,0.035671,5,50,0.2
33,"multiDips_4_(33.33, 33.33, 33.33)",10.167187670348602,0.15925092541752384,0.8312803307673675,0,127977,0.036205,5,50,0.2
33,"multiDips_4_(100, 0, 0)",10.38205181685863,0.7715380747516271,0.903516604554679,0,129235,0.03597,5,50,0.2
33,"multiDips_4_(0, 100, 0)",10.062225960520038,0.027078656779333406,0.9109842840084553,0,391340,0.070539,5,50,0.2
33,MILP,10.382105960852535,0.7713668483076652,0.9085641148209551,0,0,5.84964,5,50,0.2
34,"multiDips_1_(100, 0, 0)",10.38414063299622,0.7798252615263624,0.9157795002945903,0,109992,0.031605,5,50,0.2
34,"multiDips_1_(0, 0, 100)",10.163487645114309,0.2811693913171409,0.9466441180903231,0,108828,0.031352,5,50,0.2
34,"multiDips_1_(0, 100, 0)",10.067272706119399,0.03159795206816765,0.9077018061976477,0,116055,0.032202,5,50,0.2
34,"multiDips_2_(0, 100, 0)",10.069693709623843,0.03449606762259363,0.9076739596112929,0,133821,0.036034,5,50,0.2
34,"multiDips_2_(100, 0, 0)",10.379809702324932,0.7805610084354861,0.9169384275251021,0,133810,0.036345,5,50,0.2
34,"multiDips_2_(33.33, 33.33, 33.33)",10.218878153933941,0.24239994429431697,0.811649543282669,0,128053,0.037055,5,50,0.2
34,"multiDips_3_(100, 0, 0)",10.383238655498834,0.7754235625277678,0.9045477724726841,0,128018,0.035464,5,50,0.2
34,"multiDips_1_(33.33, 33.33, 33.33)",10.205458854416623,0.22735919730745768,0.832814279681706,0,109420,0.031571,5,50,0.2
34,"multiDips_3_(0, 100, 0)",10.062227725333198,0.029263521093475586,0.9118352427211516,0,128654,0.035626,5,50,0.2
34,"multiDips_4_(0, 100, 0)",10.062227725333198,0.029263521093475586,0.9118352427211516,0,131472,0.037232,5,50,0.2
34,"multiDips_3_(33.33, 33.33, 33.33)",10.210828815922907,0.22722563149613642,0.8118064446500344,0,127241,0.037252,5,50,0.2
34,"multiDips_2_(0, 0, 100)",10.123837381939772,0.2289861845281565,0.9757727579558642,0,127360,0.03508,5,50,0.2
34,"multiDips_3_(0, 0, 100)",10.127650898013815,0.2312648271425562,0.9732666555639936,0,126773,0.034987,5,50,0.2
34,"multiDips_4_(100, 0, 0)",10.38420604403095,0.7858815766307258,0.9119120407565272,0,129996,0.037012,5,50,0.2
34,"multiDips_4_(0, 0, 100)",10.109923184394905,0.2044605906238438,0.977900350935639,0,128142,0.036708,5,50,0.2
34,"multiDips_4_(33.33, 33.33, 33.33)",10.204761674506589,0.22260996431606228,0.8257579334655089,0,391800,0.070271,5,50,0.2
34,MILP,10.384534016053905,0.7781574342170262,0.9061653874610546,0,0,6.257264,5,50,0.2
35,"multiDips_1_(100, 0, 0)",10.38414063299622,0.7798252615263624,0.9157795002945903,0,109992,0.031794,5,50,0.2
35,"multiDips_1_(0, 100, 0)",10.0465780793241,0.03114745439686336,0.948215750753931,0,109827,0.031439,5,50,0.2
35,"multiDips_1_(0, 0, 100)",10.110532536492347,0.1533252487818429,0.9420757607367615,0,108876,0.031137,5,50,0.2
35,"multiDips_1_(33.33, 33.33, 33.33)",10.211763132492463,0.2645950096109072,0.8422902912006027,0,108984,0.031603,5,50,0.2
35,"multiDips_2_(0, 0, 100)",10.119546617944787,0.17121415685196134,0.9433150000342516,0,127396,0.037304,5,50,0.2
35,"multiDips_2_(100, 0, 0)",10.383032747971011,0.7847668037480509,0.9129958382784263,0,128641,0.035562,5,50,0.2
35,"multiDips_2_(0, 100, 0)",10.056994335509073,0.024324045834857335,0.9153455888007357,0,128262,0.038018,5,50,0.2
35,"multiDips_2_(33.33, 33.33, 33.33)",10.16506239306259,0.169080296214922,0.8409553018265615,0,127548,0.035111,5,50,0.2
35,"multiDips_4_(0, 100, 0)",10.057767889784373,0.027112319813052593,0.9183957050424254,0,131542,0.036854,5,50,0.2
35,"multiDips_3_(100, 0, 0)",10.383238655498834,0.7754235625277678,0.9045477724726841,0,128018,0.035698,5,50,0.2
35,"multiDips_3_(0, 0, 100)",10.132714229759399,0.18753453838246004,0.9321910285991223,0,126807,0.035385,5,50,0.2
35,"multiDips_3_(0, 100, 0)",10.062535655358529,0.02560201231800221,0.9065145100754954,0,127642,0.035168,5,50,0.2
35,"multiDips_4_(33.33, 33.33, 33.33)",10.17821784419068,0.17803403125485745,0.8261008565641732,0,128643,0.036152,5,50,0.2
35,"multiDips_4_(100, 0, 0)",10.377705177121621,0.7336714812506391,0.8816476177352066,0,129065,0.036122,5,50,0.2
35,"multiDips_4_(0, 0, 100)",10.092814023503582,0.15288694658050817,0.9783829611306537,0,128455,0.036054,5,50,0.2
35,"multiDips_3_(33.33, 33.33, 33.33)",10.16986576965226,0.17813375568224385,0.8400630957309734,0,126971,0.035371,5,50,0.2
35,MILP,10.384256593383805,0.7902088818563602,0.9209962310334996,0,0,6.422611,5,50,0.2
36,"multiDips_1_(0, 100, 0)",10.0465780793241,0.03114745439686336,0.948215750753931,0,109827,0.031672,5,50,0.2
36,"multiDips_1_(33.33, 33.33, 33.33)",10.222570134306764,0.274255045749578,0.8452921496381844,0,109626,0.031378,5,50,0.2
36,"multiDips_2_(100, 0, 0)",10.383801949341354,0.7873523074733855,0.9144693884352803,0,128731,0.035355,5,50,0.2
36,"multiDips_1_(0, 0, 100)",10.180661642999532,0.31639943290557915,0.9459500768452449,0,108855,0.031312,5,50,0.2
36,"multiDips_1_(100, 0, 0)",10.38399064064105,0.7856663869934545,0.9213100345310097,0,389548,0.067137,5,50,0.2
36,"multiDips_2_(0, 100, 0)",10.057535683588023,0.024287640696991467,0.9141486406569418,0,128151,0.035509,5,50,0.2
36,"multiDips_3_(0, 0, 100)",10.193996582452703,0.31913688297867887,0.9280845893846357,0,126973,0.035291,5,50,0.2
36,"multiDips_2_(33.33, 33.33, 33.33)",10.175081022574215,0.1637896909077109,0.8167837256494794,0,127836,0.035927,5,50,0.2
36,"multiDips_3_(33.33, 33.33, 33.33)",10.191462803036535,0.19122532148131374,0.8160800114154396,0,127284,0.035308,5,50,0.2
36,"multiDips_4_(0, 100, 0)",10.04713856567275,0.030087950519235285,0.9422034699963864,0,131398,0.036903,5,50,0.2
36,"multiDips_3_(0, 100, 0)",10.062535655358529,0.02560201231800221,0.9065145100754954,0,127642,0.035449,5,50,0.2
36,"multiDips_2_(0, 0, 100)",10.182205133440595,0.3082195919898126,0.939937420520536,0,127576,0.035378,5,50,0.2
36,"multiDips_3_(100, 0, 0)",10.383238655498834,0.7754235625277678,0.9045477724726841,0,128018,0.036124,5,50,0.2
36,"multiDips_4_(100, 0, 0)",10.377225147926712,0.7342237223808656,0.892505806312959,0,130973,0.036846,5,50,0.2
36,"multiDips_4_(0, 0, 100)",10.175252125374232,0.29413990141607466,0.9377820419954142,0,129801,0.036161,5,50,0.2
36,"multiDips_4_(33.33, 33.33, 33.33)",10.187424569122758,0.18132356461549412,0.8135808208739488,0,129701,0.036155,5,50,0.2
36,MILP,10.38419524956973,0.7839765750204271,0.9216221883200051,0,0,6.141543,5,50,0.2
37,"multiDips_1_(0, 0, 100)",10.15697708485693,0.2683765741675818,0.9520948079806844,0,113446,0.031843,5,50,0.2
37,"multiDips_1_(100, 0, 0)",10.381977827772618,0.7669099546863848,0.9098715952282732,0,110019,0.03172,5,50,0.2
37,"multiDips_1_(33.33, 33.33, 33.33)",10.213710470555341,0.2562100342250653,0.8458889657416371,0,109624,0.031256,5,50,0.2
37,"multiDips_1_(0, 100, 0)",10.0465780793241,0.03114745439686336,0.948215750753931,0,109827,0.031819,5,50,0.2
37,"multiDips_2_(0, 100, 0)",10.057535683588023,0.024287640696991467,0.9141486406569418,0,128151,0.035358,5,50,0.2
37,"multiDips_2_(33.33, 33.33, 33.33)",10.175081022574215,0.1637896909077109,0.8167837256494794,0,127840,0.035429,5,50,0.2
37,"multiDips_2_(100, 0, 0)",10.375269707781065,0.772849517578176,0.9187831344141771,0,128799,0.035492,5,50,0.2
37,"multiDips_3_(33.33, 33.33, 33.33)",10.189185768452727,0.18655806597314284,0.8162047834499239,0,127397,0.035258,5,50,0.2
37,"multiDips_4_(0, 100, 0)",10.059809646196092,0.02139859001709115,0.9037866912107515,0,128875,0.036197,5,50,0.2
37,"multiDips_4_(0, 0, 100)",10.125104760487737,0.22667480441688087,0.9757598502710841,0,130017,0.036476,5,50,0.2
37,"multiDips_3_(0, 100, 0)",10.062535655358529,0.02560201231800221,0.9065145100754954,0,127642,0.035121,5,50,0.2
37,"multiDips_2_(0, 0, 100)",10.11979218791561,0.22853003383399406,0.9847011771894362,0,127388,0.035241,5,50,0.2
37,"multiDips_3_(100, 0, 0)",10.374669655685345,0.7592479825689502,0.9092366026679475,0,128306,0.035789,5,50,0.2
37,"multiDips_4_(100, 0, 0)",10.378579634873454,0.7737750744274358,0.9244906838534144,0,129115,0.036514,5,50,0.2
37,"multiDips_3_(0, 0, 100)",10.122208972607705,0.2273941243453332,0.9819260231893471,0,126805,0.034954,5,50,0.2
37,"multiDips_4_(33.33, 33.33, 33.33)",10.215348562932359,0.26003442740350674,0.84678339340021,0,134508,0.03731,5,50,0.2
37,MILP,10.382371210830303,0.7682821273770485,0.9066574823947375,0,0,5.707425,5,50,0.2
38,"multiDips_1_(0, 100, 0)",10.049307697785821,0.03367738781942536,0.9457061948661816,0,109826,0.031653,5,50,0.2
38,"multiDips_2_(33.33, 33.33, 33.33)",10.243382014959554,0.290344414344651,0.8080797025108101,0,128166,0.035359,5,50,0.2
38,"multiDips_1_(100, 0, 0)",10.38414063299622,0.7798252615263624,0.9157795002945903,0,109992,0.031677,5,50,0.2
38,"multiDips_2_(100, 0, 0)",10.383838707594558,0.7890250975369935,0.9140943042189139,0,128511,0.035715,5,50,0.2
38,"multiDips_2_(0, 0, 100)",10.10016438109405,0.16965378735933556,0.9810092928750092,0,127376,0.035524,5,50,0.2
38,"multiDips_4_(100, 0, 0)",10.377212080879662,0.7284271048926145,0.8894391435277375,0,129291,0.036575,5,50,0.2
38,"multiDips_1_(0, 0, 100)",10.139238462707981,0.2229757477130464,0.9531975807221973,0,108840,0.031424,5,50,0.2
38,"multiDips_1_(33.33, 33.33, 33.33)",10.263353266155104,0.34434328688459037,0.8323594070717549,0,116381,0.032561,5,50,0.2
38,"multiDips_3_(0, 100, 0)",10.040162530036607,0.03406821781997209,0.9636582489896709,0,127877,0.035654,5,50,0.2
38,"multiDips_3_(100, 0, 0)",10.383238655498834,0.7754235625277678,0.9045477724726841,0,128018,0.035455,5,50,0.2
38,"multiDips_4_(0, 0, 100)",10.102318810419714,0.16618960258937723,0.9735898753458287,0,128552,0.036304,5,50,0.2
38,"multiDips_3_(0, 0, 100)",10.104653439825103,0.17540984490257897,0.9783609726492852,0,126928,0.035493,5,50,0.2
38,"multiDips_2_(0, 100, 0)",10.04214485534614,0.030865460267802167,0.9534672805379443,0,128697,0.035398,5,50,0.2
38,"multiDips_3_(33.33, 33.33, 33.33)",10.259468506409691,0.32882848540024334,0.8199598652689726,0,127592,0.035315,5,50,0.2
38,"multiDips_4_(33.33, 33.33, 33.33)",10.242606247007851,0.28821473607194203,0.8070081018011057,0,129467,0.036146,5,50,0.2
38,"multiDips_4_(0, 100, 0)",10.042181473084737,0.0359316500537966,0.96362036289341,0,130706,0.036616,5,50,0.2
38,MILP,10.38389979127774,0.790030572111031,0.9198710013293051,0,0,5.401235,5,50,0.2
39,"multiDips_1_(0, 100, 0)",10.0465780793241,0.03114745439686336,0.948215750753931,0,109827,0.031372,5,50,0.2
39,"multiDips_1_(100, 0, 0)",10.383996139476695,0.7846530983062919,0.9204539239631944,0,110335,0.031473,5,50,0.2
39,"multiDips_1_(0, 0, 100)",10.15326282664301,0.26737980907343784,0.9548119159175585,0,108860,0.031194,5,50,0.2
39,"multiDips_3_(0, 100, 0)",10.062535655358529,0.02560201231800221,0.9065145100754954,0,127642,0.035479,5,50,0.2
39,"multiDips_2_(33.33, 33.33, 33.33)",10.174805330221226,0.16498532803123983,0.8195926157180161,0,128121,0.035369,5,50,0.2
39,"multiDips_2_(0, 100, 0)",10.057535683588023,0.024287640696991467,0.9141486406569418,0,128151,0.035246,5,50,0.2
39,"multiDips_4_(100, 0, 0)",10.377252548454642,0.7360817085216327,0.8898262090891731,0,130137,0.036372,5,50,0.2
39,"multiDips_1_(33.33, 33.33, 33.33)",10.215134822828068,0.2567016294328575,0.8398936735338449,0,109778,0.031673,5,50,0.2
39,"multiDips_2_(100, 0, 0)",10.383588314177707,0.7905313337032884,0.9166493390847357,0,128516,0.035602,5,50,0.2
39,"multiDips_3_(33.33, 33.33, 33.33)",10.18962389180274,0.189851816463559,0.8201838841630664,0,127595,0.035376,5,50,0.2
39,"multiDips_2_(0, 0, 100)",10.116156635691294,0.22142661904909866,0.9848137720866013,0,127388,0.035292,5,50,0.2
39,"multiDips_3_(100, 0, 0)",10.38323315666319,0.7756768512149304,0.9038038830404994,0,127960,0.035422,5,50,0.2
39,"multiDips_4_(0, 0, 100)",10.148993904459694,0.2586150095051516,0.9553760817571078,0,129153,0.036143,5,50,0.2
39,"multiDips_4_(33.33, 33.33, 33.33)",10.190449378132437,0.1889191494443592,0.8158894996154056,0,130105,0.037039,5,50,0.2
39,"multiDips_3_(0, 0, 100)",10.118573420383388,0.2202907095604378,0.982038618086512,0,126805,0.034976,5,50,0.2
39,"multiDips_4_(0, 100, 0)",10.0465780793241,0.03114745439686336,0.948215750753931,0,128678,0.036181,5,50,0.2
39,MILP,10.38389979127774,0.790030572111031,0.9198710013293051,0,0,5.587872,5,50,0.2
40,"multiDips_1_(100, 0, 0)",10.3828167967851,0.7940559689279079,0.9308140058430265,0,110021,0.031863,5,50,0.2
40,"multiDips_1_(0, 0, 100)",10.120022385529467,0.2393674870591744,0.9910486507821279,0,108878,0.031094,5,50,0.2
40,"multiDips_1_(33.33, 33.33, 33.33)",10.185366170288923,0.20661088013259424,0.855391330989564,0,110454,0.031328,5,50,0.2
40,"multiDips_2_(100, 0, 0)",10.383838707594558,0.7890250975369935,0.9140943042189139,0,128511,0.035265,5,50,0.2
40,"multiDips_1_(0, 100, 0)",10.045330308635593,0.031064401780016977,0.9502233192923559,0,115949,0.032034,5,50,0.2
40,"multiDips_2_(0, 0, 100)",10.131210924584956,0.23653863974316902,0.9747265781426591,0,127467,0.035308,5,50,0.2
40,"multiDips_2_(33.33, 33.33, 33.33)",10.170987591856226,0.15903840603404376,0.8269951815940184,0,127997,0.035718,5,50,0.2
40,"multiDips_3_(33.33, 33.33, 33.33)",10.192500814581908,0.19818348127557922,0.8219740265196939,0,128005,0.03543,5,50,0.2
40,"multiDips_4_(100, 0, 0)",10.383621835688741,0.7890248501395126,0.9131072828497055,0,130789,0.036616,5,50,0.2
40,"multiDips_3_(100, 0, 0)",10.382913113456194,0.8003159600977255,0.9266311826685998,0,128073,0.035584,5,50,0.2
40,"multiDips_3_(0, 0, 100)",10.126915372101875,0.22206783917517156,0.9700379946002302,0,126841,0.035206,5,50,0.2
40,"multiDips_2_(0, 100, 0)",10.056287912899515,0.026104588080145086,0.9201562091953668,0,132760,0.036355,5,50,0.2
40,"multiDips_4_(0, 100, 0)",10.045702309034992,0.03248979034604676,0.9525793135213861,0,134753,0.037039,5,50,0.2
40,"multiDips_4_(0, 0, 100)",10.123101876109262,0.23491299662567494,0.9887125660240254,0,129940,0.036387,5,50,0.2
40,"multiDips_3_(0, 100, 0)",10.060331715309584,0.026170861954866308,0.9115244220472278,0,133764,0.039233,5,50,0.2
40,"multiDips_4_(33.33, 33.33, 33.33)",10.188875887779933,0.21525898962161066,0.8565152301590491,0,405487,0.071831,5,50,0.2
40,MILP,10.38389979127774,0.790030572111031,0.9198710013293051,0,0,5.324267,5,50,0.2
41,"multiDips_1_(100, 0, 0)",10.356699475139433,0.691217720783289,0.9116419864622687,0,117584,0.032556,5,50,0.2
41,"multiDips_1_(0, 100, 0)",10.0465780793241,0.03114745439686336,0.948215750753931,0,109827,0.031276,5,50,0.2
41,"multiDips_1_(0, 0, 100)",10.162059706412093,0.2693950428541911,0.9430887199176834,0,108863,0.03113,5,50,0.2
41,"multiDips_2_(0, 100, 0)",10.057535683588023,0.024287640696991467,0.9141486406569418,0,128151,0.035219,5,50,0.2
41,"multiDips_2_(100, 0, 0)",10.376549039707477,0.855260096888245,0.9850385020618218,0,128728,0.03557,5,50,0.2
41,"multiDips_2_(0, 0, 100)",10.16835829822801,0.2803268358964491,0.9401652776521184,0,127364,0.035469,5,50,0.2
41,"multiDips_1_(33.33, 33.33, 33.33)",10.222570134306764,0.274255045749578,0.8452921496381844,0,109626,0.031735,5,50,0.2
41,"multiDips_2_(33.33, 33.33, 33.33)",10.175081022574215,0.1637896909077109,0.8167837256494794,0,127836,0.035452,5,50,0.2
41,"multiDips_3_(100, 0, 0)",10.378178759353567,0.8615856821071259,0.98570173462759,0,128307,0.035403,5,50,0.2
41,"multiDips_3_(0, 0, 100)",10.179966464040017,0.2896961278949314,0.9275344664561264,0,126765,0.035038,5,50,0.2
41,"multiDips_3_(0, 100, 0)",10.062535655358529,0.02560201231800221,0.9065145100754954,0,127642,0.035651,5,50,0.2
41,"multiDips_4_(0, 100, 0)",10.060412012259269,0.024622358313400546,0.908932039038073,0,136622,0.037742,5,50,0.2
41,"multiDips_3_(33.33, 33.33, 33.33)",10.191462803036535,0.19122532148131374,0.8160800114154396,0,127284,0.035198,5,50,0.2
41,"multiDips_4_(100, 0, 0)",10.378073864631192,0.8514338859764291,0.9811720889375479,0,130004,0.036709,5,50,0.2
41,"multiDips_4_(0, 0, 100)",10.20520550634524,0.31580650017417045,0.9035636872471404,0,129519,0.036163,5,50,0.2
41,"multiDips_4_(33.33, 33.33, 33.33)",10.172942854598485,0.16271998233303156,0.8248088072126656,0,129853,0.036538,5,50,0.2
41,MILP,10.37847582574016,0.855177863627972,0.9834704449684811,0,0,5.351737,5,50,0.2
42,"multiDips_1_(100, 0, 0)",10.383621081710375,0.7948054537470598,0.9242810440276747,0,110184,0.031745,5,50,0.2
42,"multiDips_1_(33.33, 33.33, 33.33)",10.213409185576316,0.2526138788304895,0.8378528958062247,0,109532,0.031436,5,50,0.2
42,"multiDips_1_(0, 100, 0)",10.047628536982774,0.02940574945115406,0.9412341959093509,0,109830,0.031638,5,50,0.2
42,"multiDips_1_(0, 0, 100)",10.137325060647015,0.21986153139533168,0.9549835351739727,0,424579,0.071662,5,50,0.2
42,"multiDips_3_(100, 0, 0)",10.383238655498834,0.7754235625277678,0.9045477724726841,0,128015,0.035356,5,50,0.2
42,"multiDips_2_(0, 0, 100)",10.10016438109405,0.16965378735933556,0.9810092928750092,0,127396,0.035063,5,50,0.2
42,"multiDips_2_(100, 0, 0)",10.383588314177707,0.7905313337032884,0.9166493390847357,0,128517,0.035581,5,50,0.2
42,"multiDips_3_(0, 100, 0)",10.053805578552348,0.02998437909212438,0.9278719364865585,0,127946,0.035515,5,50,0.2
42,"multiDips_2_(33.33, 33.33, 33.33)",10.20214984866601,0.22081021737350406,0.8236385930404662,0,127843,0.03534,5,50,0.2
42,"multiDips_3_(33.33, 33.33, 33.33)",10.201171761510107,0.2224480218396727,0.8274735816888356,0,127432,0.035553,5,50,0.2
42,"multiDips_3_(0, 0, 100)",10.108162683034108,0.183082092376266,0.978732230300521,0,126944,0.035634,5,50,0.2
42,"multiDips_4_(0, 0, 100)",10.131854057940815,0.19931527765047483,0.9471310162244962,0,130067,0.036737,5,50,0.2
42,"multiDips_2_(0, 100, 0)",10.047271721032214,0.0322265255035395,0.9480652115857042,0,128295,0.035395,5,50,0.2
42,"multiDips_4_(0, 100, 0)",10.05249414266379,0.03069655408763187,0.9330653788911691,0,130957,0.036974,5,50,0.2
42,"multiDips_4_(33.33, 33.33, 33.33)",10.201324628278073,0.22914345414161405,0.8372975477213214,0,130066,0.036353,5,50,0.2
42,"multiDips_4_(100, 0, 0)",10.381100401415544,0.7906509423315013,0.9218363054334346,0,128976,0.037084,5,50,0.2
42,MILP,10.38389979127774,0.790030572111031,0.9198710013293051,0,0,5.670807,5,50,0.2
43,"multiDips_1_(0, 100, 0)",10.0465780793241,0.03114745439686336,0.948215750753931,0,109827,0.031795,5,50,0.2
43,"multiDips_2_(0, 0, 100)",10.13952509104924,0.2565009224028442,0.9705530880961225,0,127392,0.035218,5,50,0.2
43,"multiDips_4_(100, 0, 0)",10.378937596191943,0.7777356354915236,0.9159284003671175,0,129979,0.03665,5,50,0.2
43,"multiDips_1_(100, 0, 0)",10.381977827772618,0.7669099546863848,0.9098715952282732,0,110019,0.031606,5,50,0.2
43,"multiDips_1_(0, 0, 100)",10.140596116840575,0.2522522375735945,0.9652082651682132,0,108900,0.031508,5,50,0.2
43,"multiDips_3_(0, 100, 0)",10.062535655358529,0.02560201231800221,0.9065145100754954,0,127642,0.035293,5,50,0.2
43,"multiDips_1_(33.33, 33.33, 33.33)",10.217882186237873,0.262444430773488,0.837140636036189,0,109853,0.03164,5,50,0.2
43,"multiDips_2_(100, 0, 0)",10.375269707781065,0.772849517578176,0.9187831344141771,0,128799,0.035767,5,50,0.2
43,"multiDips_3_(100, 0, 0)",10.374669655685345,0.7592479825689502,0.9092366026679475,0,128306,0.035424,5,50,0.2
43,"multiDips_2_(0, 100, 0)",10.057535683588023,0.024287640696991467,0.9141486406569418,0,128151,0.035291,5,50,0.2
43,"multiDips_3_(0, 0, 100)",10.152033662302618,0.2658318176437842,0.9561717227494442,0,126809,0.035311,5,50,0.2
43,"multiDips_3_(33.33, 33.33, 33.33)",10.184618795456391,0.18248833939140058,0.8213759583846841,0,127701,0.035624,5,50,0.2
43,"multiDips_4_(0, 0, 100)",10.101205341220332,0.20935695490989792,1.000659419794086,0,129503,0.036586,5,50,0.2
43,"multiDips_4_(0, 100, 0)",10.059809646196092,0.022158590017091147,0.9053866912107515,0,129385,0.036527,5,50,0.2
43,"multiDips_2_(33.33, 33.33, 33.33)",10.170560821541887,0.16193015364120983,0.8298158135742256,0,128181,0.035712,5,50,0.2
43,"multiDips_4_(33.33, 33.33, 33.33)",10.179166913412747,0.17653682891921754,0.8225243154145112,0,128491,0.036208,5,50,0.2
43,MILP,10.382371210830303,0.7682821273770485,0.9066574823947375,0,0,5.605968,5,50,0.2
44,"multiDips_1_(33.33, 33.33, 33.33)",10.222570134306764,0.274255045749578,0.8452921496381844,0,109626,0.031601,5,50,0.2
44,"multiDips_1_(0, 0, 100)",10.13127170809276,0.19938203777462818,0.9462908825550268,0,356969,0.064079,5,50,0.2
44,"multiDips_2_(100, 0, 0)",10.379809702324932,0.7805610084354861,0.9169384275251021,0,133858,0.03622,5,50,0.2
44,"multiDips_1_(0, 100, 0)",10.04484984681741,0.03122739848547152,0.9513602283832652,0,110048,0.031658,5,50,0.2
44,"multiDips_1_(100, 0, 0)",10.382992346472571,0.774244696825042,0.9126611298835301,0,413936,0.070611,5,50,0.2
44,"multiDips_3_(0, 100, 0)",10.06117942325124,0.02596734497264015,0.9096149819338596,0,127695,0.035332,5,50,0.2
44,"multiDips_2_(0, 0, 100)",10.172124562641134,0.2578808173585223,0.9186209076707692,0,127380,0.0356,5,50,0.2
44,"multiDips_2_(33.33, 33.33, 33.33)",10.175081022574215,0.1637896909077109,0.8167837256494794,0,127836,0.035342,5,50,0.2
44,"multiDips_3_(33.33, 33.33, 33.33)",10.191462803036535,0.19122532148131374,0.8160800114154396,0,127284,0.035445,5,50,0.2
44,"multiDips_3_(0, 0, 100)",10.138685582389144,0.20522000940424817,0.9331790071643338,0,126781,0.035184,5,50,0.2
44,"multiDips_4_(100, 0, 0)",10.38298376842129,0.770732891864163,0.9047486610190613,0,130877,0.036902,5,50,0.2
44,"multiDips_3_(100, 0, 0)",10.383238655498834,0.7754235625277678,0.9045477724726841,0,128018,0.03592,5,50,0.2
44,"multiDips_4_(33.33, 33.33, 33.33)",10.195477379007036,0.19948810199679118,0.8153183457809849,0,128753,0.03652,5,50,0.2
44,"multiDips_2_(0, 100, 0)",10.057163683188625,0.02438225213096169,0.9149926464279117,0,128254,0.036052,5,50,0.2
44,"multiDips_4_(0, 0, 100)",10.106988468302115,0.16976052868258476,0.9616616157911475,0,128292,0.036005,5,50,0.2
44,"multiDips_4_(0, 100, 0)",10.056760153916887,0.022933297594470443,0.9127559998144223,0,130583,0.037547,5,50,0.2
44,MILP,10.383803333772311,0.7923129903528441,0.9275236529102208,0,0,6.132993,5,50,0.2
45,"multiDips_1_(0, 0, 100)",10.179860756000284,0.3240822648335038,0.9537348073631572,0,108844,0.031241,5,50,0.2
45,"multiDips_1_(100, 0, 0)",10.38414063299622,0.7798252615263624,0.9157795002945903,0,109992,0.03189,5,50,0.2
45,"multiDips_1_(0, 100, 0)",10.054579722922567,0.03435703460121104,0.9371196541816985,0,112106,0.031655,5,50,0.2
45,"multiDips_1_(33.33, 33.33, 33.33)",10.222570134306764,0.274255045749578,0.8452921496381844,0,109626,0.031259,5,50,0.2
45,"multiDips_3_(0, 100, 0)",10.062763775951964,0.02721507031690703,0.907921880009218,0,127843,0.035417,5,50,0.2
45,"multiDips_2_(100, 0, 0)",10.383838707594558,0.7890250975369935,0.9140943042189139,0,128511,0.035194,5,50,0.2
45,"multiDips_2_(33.33, 33.33, 33.33)",10.175081022574215,0.1637896909077109,0.8167837256494794,0,127836,0.035751,5,50,0.2
45,"multiDips_4_(100, 0, 0)",10.37720350282838,0.7260552999317355,0.8839266746632687,0,130622,0.036628,5,50,0.2
45,"multiDips_2_(0, 100, 0)",10.06689355929378,0.027511888246701206,0.9007520722263451,0,130048,0.035561,5,50,0.2
45,"multiDips_2_(0, 0, 100)",10.14827587351736,0.29028789785152087,0.9839258868156852,0,127575,0.035452,5,50,0.2
45,"multiDips_3_(0, 0, 100)",10.140088399819893,0.27028647522265586,0.9847783725158055,0,126803,0.035548,5,50,0.2
45,"multiDips_3_(33.33, 33.33, 33.33)",10.191462803036535,0.19122532148131374,0.8160800114154396,0,127284,0.035614,5,50,0.2
45,"multiDips_3_(100, 0, 0)",10.383238655498834,0.7754235625277678,0.9045477724726841,0,128018,0.035399,5,50,0.2
45,"multiDips_4_(0, 0, 100)",10.146798594729733,0.2848324015218988,0.9844655408812268,0,129218,0.036502,5,50,0.2
45,"multiDips_4_(33.33, 33.33, 33.33)",10.178281024598483,0.17091027333303155,0.8174138072126655,0,128862,0.036629,5,50,0.2
45,"multiDips_4_(0, 100, 0)",10.065932514446065,0.022672675246071555,0.89427141699397,0,129648,0.036823,5,50,0.2
45,MILP,10.38389979127774,0.790030572111031,0.9198710013293051,0,0,5.611171,5,50,0.2
46,"multiDips_1_(100, 0, 0)",10.373956128524698,0.7889594536652575,0.9545249506625328,0,110673,0.03163,5,50,0.2
46,"multiDips_1_(0, 100, 0)",10.0465780793241,0.03114745439686336,0.948215750753931,0,109827,0.031517,5,50,0.2
46,"multiDips_1_(33.33, 33.33, 33.33)",10.234617953658914,0.330357959135133,0.8481273874188143,0,108941,0.031247,5,50,0.2
46,"multiDips_1_(0, 0, 100)",10.140596116840575,0.2522522375735945,0.9652082651682132,0,108900,0.031139,5,50,0.2
46,"multiDips_2_(100, 0, 0)",10.375284564341985,0.7697510328138543,0.9162315368537812,0,128860,0.035411,5,50,0.2
46,"multiDips_3_(0, 100, 0)",10.062535655358529,0.02560201231800221,0.9065145100754954,0,127642,0.035515,5,50,0.2
46,"multiDips_2_(33.33, 33.33, 33.33)",10.162629018556842,0.17098759351925907,0.8470344114608638,0,127695,0.035312,5,50,0.2
46,"multiDips_2_(0, 0, 100)",10.13352514909188,0.2453047638721088,0.9708430467290403,0,127408,0.035695,5,50,0.2
46,"multiDips_4_(0, 0, 100)",10.092489538568183,0.18502610222794164,0.9922776775487605,0,129265,0.036655,5,50,0.2
46,"multiDips_3_(100, 0, 0)",10.375300150076463,0.7706179403663584,0.914472498746863,0,128164,0.03569,5,50,0.2
46,"multiDips_4_(0, 100, 0)",10.05743670475551,0.0244281567568766,0.9145424948236189,0,129854,0.036425,5,50,0.2
46,"multiDips_3_(0, 0, 100)",10.148398110078302,0.2587284028588888,0.9562843176466091,0,126809,0.035609,5,50,0.2
46,"multiDips_2_(0, 100, 0)",10.057535683588023,0.024287640696991467,0.9141486406569418,0,128151,0.035585,5,50,0.2
46,"multiDips_4_(100, 0, 0)",10.373992398542304,0.7810805031877062,0.9366535214977367,0,130789,0.036601,5,50,0.2
46,"multiDips_3_(33.33, 33.33, 33.33)",10.170865674716808,0.17456094057574564,0.8348285482470369,0,126943,0.03506,5,50,0.2
46,"multiDips_4_(33.33, 33.33, 33.33)",10.218618659320517,0.2911890175321927,0.8452444500037125,0,128536,0.036477,5,50,0.2
46,MILP,10.379227724473273,0.7731946307543243,0.9169679077004897,0,0,6.031924,5,50,0.2
47,"multiDips_1_(33.33, 33.33, 33.33)",10.216473574372161,0.2641044955985986,0.8473088581751247,0,109633,0.031159,5,50,0.2
47,"multiDips_2_(100, 0, 0)",10.383838707594558,0.7890250975369935,0.9140943042189139,0,128511,0.035042,5,50,0.2
47,"multiDips_1_(0, 0, 100)",10.115057664526395,0.22494375715945913,0.9930671242731182,0,384884,0.066386,5,50,0.2
47,"multiDips_3_(33.33, 33.33, 33.33)",10.189320534521496,0.1935440948307038,0.8234965605261036,0,128014,0.035387,5,50,0.2
47,"multiDips_2_(0, 0, 100)",10.101972757609598,0.19872395109987506,0.9933168603565217,0,127394,0.035594,5,50,0.2
47,"multiDips_2_(0, 100, 0)",10.057535683588023,0.024287640696991467,0.9141486406569418,0,128151,0.035612,5,50,0.2
47,"multiDips_3_(0, 0, 100)",10.101345487261971,0.19845957502385897,0.9967125235109751,0,126817,0.035306,5,50,0.2
47,"multiDips_2_(33.33, 33.33, 33.33)",10.16912587899941,0.1554423353853594,0.8231988505561042,0,128335,0.034996,5,50,0.2
47,"multiDips_4_(0, 100, 0)",10.05743670475551,0.0244281567568766,0.9145424948236189,0,130339,0.036638,5,50,0.2
47,"multiDips_4_(0, 0, 100)",10.113497933839867,0.22057023711263413,0.9912618527345798,0,129473,0.036349,5,50,0.2
47,"multiDips_4_(33.33, 33.33, 33.33)",10.173679723497767,0.16951773074847548,0.8305224042259449,0,130202,0.036216,5,50,0.2
47,"multiDips_1_(100, 0, 0)",10.382835009094533,0.7539147346588964,0.8969567210523071,0,8797732,1.116326,5,50,0.2
47,"multiDips_4_(100, 0, 0)",10.382835009094531,0.7539147346588964,0.8969567210523071,0,8817198,1.126526,5,50,0.2
47,"multiDips_3_(100, 0, 0)",10.382436341330028,0.7564300622850664,0.891231909611396,0,16418133,2.0303,5,50,0.2
47,MILP,10.38389979127774,0.790030572111031,0.9198710013293051,0,0,4.971465,5,50,0.2
47,"multiDips_3_(0, 100, 0)",10.059444935253023,0.023774995615700095,0.908400983051756,0,1895998234,228.858596,5,50,0.2
47,"multiDips_1_(0, 100, 0)",10.043681105244913,0.026268174960986913,0.9432780029203556,0,2286982436,277.132714,5,50,0.2
48,"multiDips_1_(0, 100, 0)",10.048664470200174,0.03335073035310724,0.9454804209323775,0,110344,0.031716,5,50,0.2
48,"multiDips_1_(0, 0, 100)",10.15326282664301,0.26737980907343784,0.9548119159175585,0,108840,0.03142,5,50,0.2
48,"multiDips_2_(100, 0, 0)",10.383838707594558,0.7890250975369935,0.9140943042189139,0,128511,0.035498,5,50,0.2
48,"multiDips_2_(0, 0, 100)",10.11962701970142,0.2275261565654486,0.9838885597457068,0,127364,0.035065,5,50,0.2
48,"multiDips_1_(100, 0, 0)",10.383189740971044,0.768987381361917,0.9114469003073014,0,115919,0.032774,5,50,0.2
48,"multiDips_2_(33.33, 33.33, 33.33)",10.26653553569273,0.33568768475862026,0.805482516749184,0,127766,0.035301,5,50,0.2
48,"multiDips_3_(100, 0, 0)",10.383238655498834,0.7754235625277678,0.9045477724726841,0,128018,0.035333,5,50,0.2
48,"multiDips_1_(33.33, 33.33, 33.33)",10.272482249061785,0.35664724778658363,0.8223736863828157,0,109230,0.032389,5,50,0.2
48,"multiDips_3_(33.33, 33.33, 33.33)",10.269735537717,0.3439482671839409,0.8085125983123702,0,126995,0.035215,5,50,0.2
48,"multiDips_4_(100, 0, 0)",10.383216327913752,0.7737916914231925,0.9023756049735167,0,128836,0.036063,5,50,0.2
48,"multiDips_3_(0, 0, 100)",10.122043804393517,0.22639024707678773,0.9811134057456177,0,126781,0.035106,5,50,0.2
48,"multiDips_2_(0, 100, 0)",10.0335442976095,0.03115545441367941,0.9698076763180589,0,128707,0.035516,5,50,0.2
48,"multiDips_3_(0, 100, 0)",10.03581826021757,0.02940640373377909,0.9618457268718684,0,128037,0.035701,5,50,0.2
48,"multiDips_4_(0, 100, 0)",10.047680238492283,0.03476145157377496,0.9501368870197718,0,137036,0.037844,5,50,0.2
48,"multiDips_4_(0, 0, 100)",10.131757169392646,0.25299248641906336,0.9815120244675166,0,128532,0.035973,5,50,0.2
48,"multiDips_4_(33.33, 33.33, 33.33)",10.269735537717,0.34280826718394086,0.8061125983123703,0,128572,0.03572,5,50,0.2
48,MILP,10.383899791277738,0.790030572111031,0.9198710013293051,0,0,5.204051,5,50,0.2
49,"multiDips_1_(0, 100, 0)",10.0465780793241,0.03114745439686336,0.948215750753931,0,109827,0.031542,5,50,0.2
49,"multiDips_1_(100, 0, 0)",10.384217300829864,0.7782741288929499,0.9149971754614672,0,116068,0.032335,5,50,0.2
49,"multiDips_1_(0, 0, 100)",10.140596116840575,0.2522522375735945,0.9652082651682132,0,108900,0.031274,5,50,0.2
49,"multiDips_4_(0, 100, 0)",10.059809646196092,0.02139859001709115,0.9037866912107515,0,129166,0.03637,5,50,0.2
49,"multiDips_1_(33.33, 33.33, 33.33)",10.219916346611042,0.2716270448858815,0.8379097819195976,0,109121,0.031962,5,50,0.2
49,"multiDips_4_(100, 0, 0)",10.384214622082231,0.7844533815916048,0.9094245096209962,0,129333,0.03619,5,50,0.2
49,"multiDips_2_(0, 100, 0)",10.057535683588023,0.024287640696991467,0.9141486406569418,0,128151,0.035619,5,50,0.2
49,"multiDips_3_(0, 100, 0)",10.062535655358529,0.02560201231800221,0.9065145100754954,0,127642,0.03567,5,50,0.2
49,"multiDips_2_(0, 0, 100)",10.13699553310201,0.25140430138845876,0.9699178343881458,0,127404,0.035217,5,50,0.2
49,"multiDips_3_(100, 0, 0)",10.383216327913754,0.7737916914231924,0.9023756049735168,0,127630,0.035276,5,50,0.2
49,"multiDips_3_(0, 0, 100)",10.15186849408843,0.26482794037523877,0.9553591053057147,0,126805,0.035058,5,50,0.2
49,"multiDips_2_(100, 0, 0)",10.38363185743138,0.7883870510972518,0.9138050201696915,0,133455,0.036143,5,50,0.2
49,"multiDips_3_(33.33, 33.33, 33.33)",10.192779029492161,0.21705501755540346,0.8381917005514963,0,131117,0.035928,5,50,0.2
49,"multiDips_2_(33.33, 33.33, 33.33)",10.172916176940186,0.18792558660368822,0.8497240207856549,0,323239,0.060688,5,50,0.2
49,"multiDips_4_(0, 0, 100)",10.137058165803115,0.24184686122104462,0.9643086979837159,0,129651,0.036056,5,50,0.2
49,"multiDips_4_(33.33, 33.33, 33.33)",10.219671375155983,0.2761808806704698,0.8474889309219995,0,389472,0.070185,5,50,0.2
49,MILP,10.383885382148314,0.7879270299840886,0.9200180332622229,0,0,6.023046,5,50,0.2
