id,type,profit,carbon,energy,failedP,inferences,time,numIntents,size,rate,gintent
1,FIFO_Carbon,15.816178874638723,0.19393811136262706,1.5518480174508371,17,235004,0.04919,25,10,0.3,low
1,FIFO_Balanced,10.382205208895996,0.19427241208022694,1.0519161429617816,20,239584,0.049263,25,10,0.3,low
1,FIFO_Profit,7.8615673196503915,0.19390001123012646,0.587351689316942,21,249158,0.051518,25,10,0.3,low
1,FIFO_Free HW,11.96839195901295,0.1947598846472646,1.2179425949399942,19,231765,0.048346,25,10,0.3,low
1,Longest_Profit,4.243293708094295,0.19471278083470675,0.521109681273757,23,230123,0.048414,25,10,0.3,low
1,Longest_Carbon,13.265617626900559,0.17916209301238825,1.696157337109345,18,400427,0.075372,25,10,0.3,low
1,Random_Free HW,15.609845980052867,0.19368725187343727,1.3169675883452783,17,244166,0.05217,25,10,0.3,low
1,Longest_Free HW,10.41982795357564,0.1923021861361302,1.4437472865691157,20,345747,0.066803,25,10,0.3,low
1,Random_Profit,10.41130108411402,0.1937100210085415,0.7864526339553127,20,243683,0.052547,25,10,0.3,low
1,Random_Balanced,11.261700485258977,0.19348607604584497,1.0172427674645987,19,256141,0.054763,25,10,0.3,low
1,Longest_Balanced,8.394288106809379,0.19454995293974375,1.070345123069836,21,252553,0.052007,25,10,0.3,low
1,Hungriest_Profit,8.671237947766837,0.19498921801315983,0.7661696689340334,21,285913,0.058852,25,10,0.3,low
1,Hungriest_Balanced,7.03661471063864,0.19397420074998578,0.6918695718659533,22,253254,0.053404,25,10,0.3,low
1,Hungriest_Free HW,11.051790984058462,0.19327394356878289,1.037962772151055,20,367973,0.07102,25,10,0.3,low
1,Hungriest_Carbon,14.669771091514493,0.19461527202132123,1.4562760463976503,18,753529,0.128928,25,10,0.3,low
1,Random_Carbon,16.391054864905737,0.1940757322541004,1.4713109004033196,17,1557192,0.246656,25,10,0.3,low
1,MILP,21.103431442726965,0.1942622403864045,1.7494913736132358,14,0,8.911132,25,10,0.3,low
2,FIFO_Profit,8.28886894777478,0.19455231074743443,0.8115408898292797,21,268896,0.054149,25,10,0.3,low
2,FIFO_Free HW,15.032754801798093,0.19432873726324243,1.4056184843006443,17,240180,0.04953,25,10,0.3,low
2,FIFO_Carbon,14.390947682004532,0.1852344244926969,1.4199789133581024,18,287814,0.05951,25,10,0.3,low
2,FIFO_Balanced,13.657318388853255,0.19260634214546268,1.1825946525428555,18,281427,0.056836,25,10,0.3,low
2,Hungriest_Profit,7.0376168245570385,0.19475980674721305,0.6882266720407377,22,234355,0.053256,25,10,0.3,low
2,Hungriest_Balanced,11.875474050284584,0.19295881813211702,1.0982943669992877,20,305689,0.06302,25,10,0.3,low
2,Longest_Carbon,13.488392410226876,0.19224794932421824,1.6232087019816845,18,375714,0.071721,25,10,0.3,low
2,Random_Profit,4.243293708094295,0.19471278083470675,0.521109681273757,23,231613,0.049771,25,10,0.3,low
2,Longest_Profit,4.243293708094295,0.19471278083470675,0.521109681273757,23,229468,0.048377,25,10,0.3,low
2,Longest_Balanced,10.461337237481409,0.19103403007498646,1.3577747577409038,20,383369,0.073397,25,10,0.3,low
2,Hungriest_Carbon,17.72908131248921,0.19372826532267148,1.6580061959765322,16,433120,0.080216,25,10,0.3,low
2,Random_Carbon,15.034803363847919,0.1774070664892965,1.4017349171193185,17,308981,0.062513,25,10,0.3,low
2,Random_Balanced,10.06838086200234,0.19485536524574648,0.851900016228397,20,233218,0.050764,25,10,0.3,low
2,Hungriest_Free HW,14.670131338205875,0.19442317560755965,1.4498761151064243,18,405725,0.076753,25,10,0.3,low
2,Longest_Free HW,12.825425732948435,0.19343508662902362,1.4952506713074514,18,767807,0.131819,25,10,0.3,low
2,Random_Free HW,17.775839713945953,0.19406130061927235,1.6945271456029714,15,1205759,0.193375,25,10,0.3,low
2,MILP,21.007004012106705,0.19352659578003462,1.7659779089565504,14,0,17.721008,25,10,0.3,low
3,FIFO_Profit,7.861937360683759,0.19493729415818545,0.5832696523452313,21,221595,0.046735,25,10,0.3,low
3,FIFO_Free HW,13.390719756714818,0.1944386453203798,1.3466895547731974,18,233476,0.048782,25,10,0.3,low
3,FIFO_Carbon,14.388471131370402,0.17909813024313945,1.4207820582993889,18,317411,0.062305,25,10,0.3,low
3,Longest_Balanced,10.031392458403484,0.19483657046490513,1.1344703388002257,20,294823,0.059263,25,10,0.3,low
3,Longest_Profit,4.243293708094295,0.19471278083470675,0.521109681273757,23,230123,0.048625,25,10,0.3,low
3,Longest_Carbon,13.271370626589098,0.1820599606163106,1.6831967477829386,18,354032,0.067908,25,10,0.3,low
3,Hungriest_Free HW,11.042749843610096,0.19470837615471548,1.059037737135031,20,242169,0.051553,25,10,0.3,low
3,Hungriest_Balanced,9.455314639197056,0.19407690107184963,0.8915499899521463,21,255207,0.05404,25,10,0.3,low
3,Random_Profit,8.304708857543567,0.1941621325422603,0.785434379760684,21,261968,0.055353,25,10,0.3,low
3,FIFO_Balanced,12.015738454963707,0.19106676203620956,1.123621990588185,19,288461,0.058033,25,10,0.3,low
3,Longest_Free HW,10.426972197256024,0.1867983359748314,1.417207864632087,20,430538,0.080072,25,10,0.3,low
3,Hungriest_Profit,7.035312692263487,0.19376494596340763,0.6845743108283373,22,256676,0.05368,25,10,0.3,low
3,Random_Balanced,13.621843360742155,0.19300256973227217,1.2565258955389955,18,247115,0.052956,25,10,0.3,low
3,Random_Carbon,14.411038868728955,0.17602591966232928,1.4541680648588633,18,404509,0.076705,25,10,0.3,low
3,Hungriest_Carbon,16.086991891120412,0.18216448451045264,1.5966367721809434,17,1087405,0.183595,25,10,0.3,low
3,Random_Free HW,15.17003553994354,0.18909605126328316,1.4529518748527028,17,933894,0.157574,25,10,0.3,low
3,MILP,19.470298764007396,0.19307515519699717,1.681565302003239,15,0,93.07918,25,10,0.3,low
4,FIFO_Profit,8.308854123990773,0.1945419254180327,0.7822091122536987,21,220307,0.046579,25,10,0.3,low
4,FIFO_Balanced,10.39039633273716,0.19471216704006908,1.0464351571376966,20,234317,0.048597,25,10,0.3,low
4,FIFO_Carbon,16.04328201704808,0.19058482668202786,1.4620162030299175,17,270538,0.055636,25,10,0.3,low
4,FIFO_Free HW,12.757226888034367,0.19092000958332628,1.3438174444073163,19,384139,0.072891,25,10,0.3,low
4,Longest_Profit,6.301004523245766,0.19487194980148187,0.8248558260586085,22,280413,0.0562,25,10,0.3,low
4,Longest_Carbon,11.853429232195552,0.19025991483391497,1.5524283501301697,19,372511,0.075222,25,10,0.3,low
4,Hungriest_Profit,8.44439817898343,0.19468866134823679,0.8624896132506839,21,571199,0.102492,25,10,0.3,low
4,Longest_Balanced,8.400781567549203,0.19437591758563344,1.0690109760653992,21,255412,0.052899,25,10,0.3,low
4,Longest_Free HW,12.064316990309711,0.19491801136568035,1.4993188761888572,19,386795,0.073401,25,10,0.3,low
4,Hungriest_Carbon,14.672100480842646,0.187293184705924,1.4531243902038629,18,585761,0.102472,25,10,0.3,low
4,Random_Profit,10.82855505362252,0.19470273928293588,0.798749312546855,19,244960,0.052909,25,10,0.3,low
4,Hungriest_Balanced,13.522845249134855,0.19359315547602798,1.1547552961931913,19,396553,0.075952,25,10,0.3,low
4,Random_Balanced,13.244873477376332,0.19049732927459723,1.0191956748263125,18,416346,0.079681,25,10,0.3,low
4,Random_Carbon,19.538622847540516,0.18915739491447767,1.7705455320987824,14,550684,0.098679,25,10,0.3,low
4,Hungriest_Free HW,16.311212921641097,0.1947051597437905,1.5125367250039112,17,765108,0.129089,25,10,0.3,low
4,Random_Free HW,17.131866194152412,0.1760816059152661,1.4099488784265153,16,756053,0.130252,25,10,0.3,low
4,MILP,20.23200990672471,0.19316503616807323,1.6154456724820383,14,0,22.848249,25,10,0.3,low
5,FIFO_Profit,7.861888141770081,0.19493686052688503,0.5895744658070009,21,238008,0.049703,25,10,0.3,low
5,FIFO_Free HW,10.319567945444962,0.1944498598860739,1.1762386916690666,20,226134,0.047955,25,10,0.3,low
5,FIFO_Balanced,12.010981283090297,0.1949397609459013,1.138815193944919,19,227572,0.047813,25,10,0.3,low
5,Longest_Carbon,10.42803038250607,0.1916726317657878,1.4322660258782773,20,307852,0.060413,25,10,0.3,low
5,FIFO_Carbon,14.80737183333747,0.18666759065081379,1.500210200047479,17,420517,0.077433,25,10,0.3,low
5,Longest_Profit,4.241506622926689,0.19362932433616864,0.5255340396419568,23,276898,0.055678,25,10,0.3,low
5,Longest_Balanced,6.311082620766419,0.19293202532438009,0.8119245268915354,22,329987,0.065288,25,10,0.3,low
5,Hungriest_Balanced,11.507769685532482,0.1922035343475009,1.2160486944529874,20,339819,0.068856,25,10,0.3,low
5,Hungriest_Profit,7.030956993460597,0.19443026831937718,0.7084057579667096,22,232997,0.050424,25,10,0.3,low
5,Random_Profit,7.632499555861324,0.19477369632862232,0.6778939029469662,21,237770,0.05078,25,10,0.3,low
5,Longest_Free HW,11.397810310823616,0.19392553612203545,1.3810795050023053,19,450030,0.082114,25,10,0.3,low
5,Random_Free HW,12.950744025431339,0.19313263884424842,1.1449772441302029,18,240155,0.052728,25,10,0.3,low
5,Random_Carbon,16.680646488438555,0.16420998741933632,1.5133789352659912,16,560644,0.099567,25,10,0.3,low
5,Hungriest_Carbon,11.481587373938108,0.18851596476729227,1.2692541928199357,20,366027,0.070311,25,10,0.3,low
5,Random_Balanced,9.709734406438757,0.19452170662253626,0.9467813206707891,20,301752,0.067112,25,10,0.3,low
5,Hungriest_Free HW,13.242682033940028,0.19472178563449555,1.3360403818697812,19,523700,0.095178,25,10,0.3,low
5,MILP,18.674969375665107,0.19381358214140032,1.5748700771538007,15,0,96.699988,25,10,0.3,low
6,FIFO_Free HW,13.620332943740355,0.18997452944668602,1.252367997967775,18,352443,0.067807,25,10,0.3,low
6,FIFO_Balanced,13.422869591091569,0.19410906465372144,1.2832614050783975,18,253868,0.05222,25,10,0.3,low
6,FIFO_Profit,7.863139305688979,0.19348259519134223,0.5843920390862346,21,413922,0.076832,25,10,0.3,low
6,FIFO_Carbon,14.388807855588425,0.17245677757584704,1.4146110486398131,18,412383,0.07631,25,10,0.3,low
6,Hungriest_Profit,8.671237947766837,0.19498921801315983,0.7661696689340334,21,285657,0.058167,25,10,0.3,low
6,Longest_Profit,4.243293708094295,0.19471278083470675,0.521109681273757,23,230123,0.048912,25,10,0.3,low
6,Longest_Carbon,13.271370626589098,0.1820599606163106,1.6831967477829386,18,378193,0.072112,25,10,0.3,low
6,Longest_Balanced,10.470475449695954,0.1911007688723123,1.33993483445441,20,369169,0.07105,25,10,0.3,low
6,Hungriest_Balanced,11.872399167474654,0.19368171261623002,1.1050870981668264,20,261439,0.054732,25,10,0.3,low
6,Random_Profit,8.715971454935575,0.19455619203890115,0.8623527552277634,20,257820,0.054291,25,10,0.3,low
6,Random_Balanced,15.735706133383038,0.19182172956454344,1.2391633844986956,17,306843,0.062928,25,10,0.3,low
6,Longest_Free HW,12.825425732948435,0.19343508662902364,1.4952506713074514,18,710110,0.124517,25,10,0.3,low
6,Random_Free HW,15.57221074108081,0.1946232697681223,1.4845319647081663,16,543527,0.099019,25,10,0.3,low
6,Random_Carbon,17.993773140177886,0.18682211186154524,1.6880518300142389,15,803492,0.135599,25,10,0.3,low
6,Hungriest_Free HW,16.09092690753945,0.19497270949338322,1.5826330529891037,17,895138,0.149085,25,10,0.3,low
6,Hungriest_Carbon,17.728166983473788,0.19435615579766388,1.6668437706440962,16,1339901,0.223548,25,10,0.3,low
6,MILP,21.006716432843348,0.19467324529046137,1.768537879770207,14,0,36.953788,25,10,0.3,low
7,FIFO_Balanced,10.36697579780924,0.1938349236862989,1.0913640277303682,20,229971,0.047826,25,10,0.3,low
7,FIFO_Profit,7.644127671074606,0.19457220254519217,0.6541789509507294,21,355109,0.067436,25,10,0.3,low
7,Longest_Balanced,9.789831684051986,0.19447778802786125,1.2593828294041787,20,291280,0.058269,25,10,0.3,low
7,FIFO_Free HW,10.329715092121432,0.19118961745566584,1.1536636935394275,20,273854,0.055503,25,10,0.3,low
7,Hungriest_Carbon,14.885065127686952,0.1797946234895085,1.3892917532166076,18,356184,0.067978,25,10,0.3,low
7,Hungriest_Balanced,11.50950564585198,0.19480321021694208,1.222973168242443,20,252831,0.053807,25,10,0.3,low
7,FIFO_Carbon,13.169745330748,0.17171400609744175,1.416269538661604,18,250107,0.05277,25,10,0.3,low
7,Longest_Profit,4.243293708094295,0.19471278083470675,0.521109681273757,23,228458,0.048293,25,10,0.3,low
7,Longest_Free HW,11.414260905316837,0.19107488420870763,1.3409872311390245,19,302206,0.059509,25,10,0.3,low
7,Random_Carbon,12.215591629275789,0.18211265166493895,1.2283741007577205,19,249920,0.052957,25,10,0.3,low
7,Hungriest_Free HW,14.893789265717034,0.19471824528118895,1.374905147009189,18,317659,0.062996,25,10,0.3,low
7,Random_Profit,10.668230963477825,0.19071089644176709,0.9252203380196554,19,238153,0.051038,25,10,0.3,low
7,Hungriest_Profit,8.65667519031221,0.19383834571274447,0.793559817410725,21,382184,0.075067,25,10,0.3,low
7,Longest_Carbon,10.67453401035889,0.1913045057918626,1.3855584043223923,20,330836,0.063798,25,10,0.3,low
7,Random_Free HW,11.3145951695003,0.18584533166841197,1.0759785598051381,19,236251,0.054838,25,10,0.3,low
7,Random_Balanced,9.141578134831455,0.19319013146194453,1.1072732484971892,20,269831,0.061682,25,10,0.3,low
7,MILP,16.2815888366785,0.1933069799783872,1.4967079065662676,17,0,20.311339,25,10,0.3,low
8,FIFO_Balanced,8.298023289192688,0.1944379484134159,0.7946388567311325,21,225820,0.047163,25,10,0.3,low
8,FIFO_Carbon,14.815565948056452,0.1925502475221334,1.4828505986268816,17,348703,0.065836,25,10,0.3,low
8,FIFO_Profit,7.863139305688979,0.19348259519134223,0.5843920390862346,21,395742,0.074118,25,10,0.3,low
8,FIFO_Free HW,9.900097733428698,0.19237982075381796,0.9307618635122781,20,271951,0.064303,25,10,0.3,low
8,Hungriest_Balanced,7.031384955328011,0.19352044083457984,0.6958627984624418,22,279897,0.057616,25,10,0.3,low
8,Longest_Carbon,10.774699938620508,0.19377243815792874,1.359267812309362,20,656828,0.112522,25,10,0.3,low
8,Longest_Profit,4.243293708094295,0.19471278083470675,0.521109681273757,23,230123,0.049002,25,10,0.3,low
8,Hungriest_Profit,8.671237947766837,0.19498921801315983,0.7661696689340334,21,282263,0.057862,25,10,0.3,low
8,Longest_Balanced,6.294263963953834,0.19420720342046507,0.8400974150083764,22,658243,0.114555,25,10,0.3,low
8,Longest_Free HW,6.267243305243533,0.1946932117626115,0.8935794160566419,22,269391,0.055125,25,10,0.3,low
8,Hungriest_Carbon,13.463345087279155,0.19484303116076943,1.268391436730475,19,257817,0.055545,25,10,0.3,low
8,Random_Balanced,12.013612341291736,0.19458963281981545,1.1334061230285777,19,252329,0.053208,25,10,0.3,low
8,Random_Profit,6.904022844652327,0.19369444089111038,0.684720287863978,22,266092,0.055252,25,10,0.3,low
8,Random_Carbon,15.046154598849373,0.17909963023455108,1.4562091114338824,17,425615,0.079305,25,10,0.3,low
8,Random_Free HW,9.79450510033149,0.19364418382431176,0.9653019257290615,20,456993,0.084498,25,10,0.3,low
8,Hungriest_Free HW,10.823221504619037,0.19351671990458374,1.1257877290116174,20,910358,0.153113,25,10,0.3,low
8,MILP,18.70177816995674,0.19427842056032915,1.5224304737255905,15,0,95.027064,25,10,0.3,low
9,FIFO_Profit,8.28886894777478,0.19455231074743443,0.8115408898292797,21,261299,0.052938,25,10,0.3,low
9,FIFO_Carbon,12.958843749529068,0.1894812165621801,1.1314979122763644,18,384354,0.07182,25,10,0.3,low
9,Hungriest_Balanced,9.112942001171751,0.19490213758033978,0.9704085335960665,21,250543,0.053494,25,10,0.3,low
9,Hungriest_Carbon,9.406561836657485,0.19207676736623938,0.9951540924098082,21,325333,0.067394,25,10,0.3,low
9,Hungriest_Profit,7.032962471006788,0.1907187501748149,0.6973917548503343,22,430786,0.08029,25,10,0.3,low
9,Random_Carbon,12.741701411673548,0.19407501401855082,1.2015172860244154,18,267961,0.055461,25,10,0.3,low
9,FIFO_Balanced,11.582092880942017,0.1867740868947394,0.9122871557538602,19,857663,0.144293,25,10,0.3,low
9,Longest_Profit,4.241506622926689,0.19362932433616864,0.5255340396419568,23,295647,0.058581,25,10,0.3,low
9,Random_Profit,10.917856348997942,0.19464823128587716,0.7876114723957546,19,241270,0.051824,25,10,0.3,low
9,Random_Balanced,11.48081766762691,0.18010391202942533,0.9931913848926301,19,473024,0.087826,25,10,0.3,low
9,FIFO_Free HW,11.535320968238256,0.17772680778724498,0.9883044634198269,19,1032518,0.170621,25,10,0.3,low
9,Longest_Balanced,7.739181462484046,0.19407957834225045,0.9389823667444724,21,688534,0.119435,25,10,0.3,low
9,Longest_Carbon,8.59303244879698,0.19455058963429256,1.1147438908765712,21,842423,0.138825,25,10,0.3,low
9,Longest_Free HW,9.10814581133096,0.1933426180185494,1.1653452864322058,20,1148235,0.188164,25,10,0.3,low
9,Random_Free HW,13.534400160239507,0.19196187257941266,1.039454965219347,18,412103,0.079427,25,10,0.3,low
9,Hungriest_Free HW,12.883965322780085,0.1928745966696026,1.2509409373680593,18,3465405,0.533938,25,10,0.3,low
9,MILP,17.922505044776315,0.19451467199899325,1.3667488712742508,15,0,3.459404,25,10,0.3,low
10,FIFO_Balanced,13.422869591091569,0.19410906465372144,1.2832614050783975,18,253372,0.051705,25,10,0.3,low
10,FIFO_Free HW,13.620332943740355,0.18997452944668602,1.252367997967775,18,351622,0.067501,25,10,0.3,low
10,FIFO_Carbon,14.388471131370402,0.17909813024313945,1.4207820582993889,18,428592,0.079044,25,10,0.3,low
10,FIFO_Profit,7.863139305688979,0.19348259519134223,0.5843920390862346,21,397380,0.074494,25,10,0.3,low
10,Hungriest_Balanced,11.872399167474654,0.19368171261623002,1.1050870981668264,20,260949,0.055071,25,10,0.3,low
10,Longest_Profit,4.243293708094295,0.19471278083470675,0.521109681273757,23,230123,0.04846,25,10,0.3,low
10,Longest_Carbon,13.271370626589098,0.1820599606163106,1.6831967477829386,18,375948,0.073875,25,10,0.3,low
10,Longest_Balanced,10.470475449695954,0.1911007688723123,1.33993483445441,20,369169,0.071101,25,10,0.3,low
10,Hungriest_Profit,7.032599921839468,0.19422212605243655,0.7030178413093457,22,255677,0.053804,25,10,0.3,low
10,Random_Balanced,12.029082096403787,0.19265847496002336,1.1716493877883707,19,304867,0.062097,25,10,0.3,low
10,Random_Carbon,15.601799693884047,0.18037717250952878,1.624000431706563,17,448594,0.082545,25,10,0.3,low
10,Random_Profit,8.887863957082146,0.19477394773638423,0.6784868181804662,21,227625,0.049165,25,10,0.3,low
10,Longest_Free HW,12.825425732948435,0.19343508662902364,1.4952506713074514,18,708643,0.121283,25,10,0.3,low
10,Random_Free HW,14.805019802681622,0.19175873402544616,1.4902248710226262,17,350889,0.069117,25,10,0.3,low
10,Hungriest_Free HW,16.09092690753945,0.19497270949338322,1.5826330529891037,17,895138,0.151326,25,10,0.3,low
10,Hungriest_Carbon,17.728166983473788,0.19435615579766388,1.6668437706440962,16,1215737,0.195708,25,10,0.3,low
10,MILP,21.006716432843348,0.19467324529046134,1.7685378797702067,14,0,18.500336,25,10,0.3,low
11,FIFO_Free HW,14.395477150367476,0.19369417661378727,1.4090020358637303,18,238766,0.04975,25,10,0.3,low
11,FIFO_Carbon,15.807813320626781,0.18305384638306585,1.562747819604807,17,297476,0.059038,25,10,0.3,low
11,FIFO_Profit,7.863139305688979,0.19348259519134223,0.5843920390862346,21,320623,0.062653,25,10,0.3,low
11,FIFO_Balanced,12.01199390602487,0.19482367667535833,1.1373809036359908,19,233154,0.048558,25,10,0.3,low
11,Longest_Profit,4.241506622926689,0.19362932433616864,0.5255340396419568,23,277615,0.055917,25,10,0.3,low
11,Hungriest_Profit,8.671237947766837,0.19498921801315983,0.7661696689340334,21,284578,0.057802,25,10,0.3,low
11,Longest_Carbon,13.266369066253421,0.18349486730426617,1.6968257052656819,18,378370,0.071172,25,10,0.3,low
11,Longest_Balanced,10.459584091025498,0.19362338055104042,1.3682442896885036,20,313412,0.061618,25,10,0.3,low
11,Random_Balanced,14.013986956550955,0.19494567188805728,1.1732870905971038,18,338967,0.067215,25,10,0.3,low
11,Hungriest_Free HW,11.485370829887287,0.19425594515080385,1.2598974233283138,20,304577,0.064898,25,10,0.3,low
11,Longest_Free HW,12.056527394328853,0.19088012248863434,1.5080578465075851,19,414335,0.077519,25,10,0.3,low
11,Random_Profit,9.50650619635866,0.1948726970318096,0.7127418553311968,20,261704,0.054969,25,10,0.3,low
11,Random_Free HW,16.226785543965455,0.19321582220922598,1.6244041462177121,16,291704,0.059612,25,10,0.3,low
11,Random_Carbon,15.045041686989848,0.17974646982718523,1.4606917622123068,17,325696,0.064865,25,10,0.3,low
11,Hungriest_Balanced,11.528346969964138,0.18666072980996537,1.1684599600607966,20,527922,0.096206,25,10,0.3,low
11,Hungriest_Carbon,16.528762937573564,0.19434791849082145,1.458464479525688,17,717277,0.122101,25,10,0.3,low
11,MILP,19.256715350633616,0.19343644771559879,1.678018622537709,15,0,62.59019,25,10,0.3,low
12,FIFO_Profit,8.28886894777478,0.19455231074743443,0.8115408898292797,21,328083,0.063109,25,10,0.3,low
12,FIFO_Carbon,17.459190299324337,0.18648560677554887,1.6028325580264728,16,330741,0.063814,25,10,0.3,low
12,FIFO_Balanced,15.082689233826345,0.19190416459325965,1.3012355904785171,17,294680,0.058886,25,10,0.3,low
12,Longest_Profit,4.243293708094295,0.19471278083470675,0.521109681273757,23,230620,0.048795,25,10,0.3,low
12,FIFO_Free HW,16.45485084390319,0.1913010394637209,1.5296081745978536,16,518203,0.090627,25,10,0.3,low
12,Longest_Free HW,10.43184874587226,0.19359139088825636,1.4177723693295456,20,332324,0.064499,25,10,0.3,low
12,Hungriest_Profit,7.0376168245570385,0.19475980674721305,0.6882266720407377,22,235419,0.05052,25,10,0.3,low
12,Random_Free HW,15.952465732928887,0.19334294758181345,1.531422578321032,17,274340,0.057356,25,10,0.3,low
12,Random_Profit,7.767933896725923,0.19382345267980725,0.599772991306481,21,254692,0.053747,25,10,0.3,low
12,Longest_Balanced,12.126276188602718,0.19499891082248863,1.3683166318509705,19,282201,0.057378,25,10,0.3,low
12,Longest_Carbon,12.857663292458952,0.1938780692213492,1.6162678234028185,19,656697,0.115137,25,10,0.3,low
12,Hungriest_Free HW,17.308441777188985,0.19413045924063677,1.582301817640033,17,733754,0.125247,25,10,0.3,low
12,Random_Carbon,18.45916870550639,0.1805045025627034,1.5631292764989737,15,539191,0.096953,25,10,0.3,low
12,Hungriest_Carbon,16.093023937168205,0.19411389708011278,1.5887969340473203,17,1309966,0.210311,25,10,0.3,low
12,Random_Balanced,15.666146454608615,0.19462571235076923,1.201316099506026,17,2482241,0.386247,25,10,0.3,low
12,Hungriest_Balanced,14.946553698653258,0.19308771549184403,1.2648439375316178,18,2555413,0.400737,25,10,0.3,low
12,MILP,22.44174858251197,0.19498132416964126,1.8869241708034428,13,0,30.91256,25,10,0.3,low
13,FIFO_Profit,6.222362038314705,0.19369515798501788,0.5250677210271961,22,223996,0.047109,25,10,0.3,low
13,FIFO_Carbon,11.970645821753614,0.18187654242888324,1.2161599243658898,19,369305,0.069802,25,10,0.3,low
13,FIFO_Free HW,10.317343721804026,0.18402309836161315,1.1710083121456694,20,499382,0.089723,25,10,0.3,low
13,Longest_Free HW,8.342537078605384,0.1942880467694852,1.1760451670612366,21,250413,0.052016,25,10,0.3,low
13,Longest_Profit,5.647410506673532,0.19465255577096988,0.6856369457376237,22,566384,0.101717,25,10,0.3,low
13,Hungriest_Profit,7.030572509694235,0.19483156948838987,0.7011680159823428,22,245113,0.052342,25,10,0.3,low
13,Longest_Balanced,9.810565153807069,0.18721676555352693,1.2073440717741861,20,928138,0.154597,25,10,0.3,low
13,Random_Balanced,15.09499344084701,0.19445598424424188,1.3612887082862812,17,269535,0.056297,25,10,0.3,low
13,Random_Profit,9.408723693776574,0.19419511241509163,0.7214186934004644,20,277996,0.057692,25,10,0.3,low
13,Random_Free HW,12.336099750463655,0.19313744797474866,1.1778365448000574,19,272672,0.057176,25,10,0.3,low
13,Random_Carbon,16.026762864845256,0.17273231344058892,1.376658140700023,16,410852,0.077882,25,10,0.3,low
13,Longest_Carbon,10.775391179009725,0.19097167126866255,1.3548461178926847,20,518927,0.092922,25,10,0.3,low
13,FIFO_Balanced,10.372230423508926,0.18870080293390767,1.0687581392169427,20,779275,0.132799,25,10,0.3,low
13,Hungriest_Free HW,12.2471216156731,0.19434629639333445,1.256860393387617,19,1314656,0.212487,25,10,0.3,low
13,Hungriest_Carbon,13.249869318254449,0.18541547673399958,1.322221421879275,19,829738,0.140252,25,10,0.3,low
13,Hungriest_Balanced,10.874168990099891,0.19278775225705674,1.0333756533876768,20,1706671,0.277072,25,10,0.3,low
13,MILP,18.806299845075678,0.19428145559066265,1.493560389586134,15,0,62.408699,25,10,0.3,low
14,FIFO_Free HW,7.819024200879254,0.19459988676586223,0.670680563838022,21,265219,0.053599,25,10,0.3,low
14,Longest_Profit,4.243293708094295,0.19471278083470675,0.521109681273757,23,230123,0.048136,25,10,0.3,low
14,FIFO_Carbon,11.52881185035118,0.17895089578051923,1.0166689744259163,19,489770,0.087979,25,10,0.3,low
14,FIFO_Balanced,12.020411766428289,0.19149045073609902,1.12869127596387,19,321744,0.062928,25,10,0.3,low
14,FIFO_Profit,7.863139305688979,0.19348259519134223,0.5843920390862346,21,384610,0.072833,25,10,0.3,low
14,Longest_Free HW,4.1919154567667976,0.19354654934448826,0.6219246937919043,23,298996,0.059174,25,10,0.3,low
14,Random_Balanced,14.325116070030603,0.19170025986313083,1.2037843197423808,17,311291,0.06278,25,10,0.3,low
14,Hungriest_Profit,7.032962471006788,0.1907187501748149,0.6973917548503343,22,510906,0.095744,25,10,0.3,low
14,Hungriest_Free HW,6.993521066740071,0.19137527816241193,0.7677726312156395,22,462075,0.08594,25,10,0.3,low
14,Longest_Balanced,10.039774763906568,0.1946299828092753,1.1305510253920514,20,299278,0.060557,25,10,0.3,low
14,Longest_Carbon,11.193065148517043,0.1849188131723246,1.4254019001841831,19,619667,0.110762,25,10,0.3,low
14,Hungriest_Balanced,11.103241008699248,0.19426998995691291,0.947844771647778,20,340099,0.066562,25,10,0.3,low
14,Random_Free HW,10.64710432579599,0.19285620596962866,0.9628333799608523,19,349358,0.068865,25,10,0.3,low
14,Random_Profit,7.427626916690432,0.1935045923990653,0.7259287954345199,21,263426,0.056281,25,10,0.3,low
14,Hungriest_Carbon,12.465244320498755,0.19368995122319033,1.197320384838762,19,1042422,0.171337,25,10,0.3,low
14,Random_Carbon,12.2083527815824,0.18026444573098452,1.1822394963330092,19,539699,0.097438,25,10,0.3,low
14,MILP,17.902485350856928,0.19490810564838418,1.409885804477676,15,0,17.246115,25,10,0.3,low
15,FIFO_Carbon,12.75365765975981,0.1834092181034524,1.3507116746337828,19,251499,0.051228,25,10,0.3,low
15,FIFO_Free HW,11.971892983616252,0.18758651794808656,1.206938030765251,19,255111,0.052122,25,10,0.3,low
15,FIFO_Balanced,11.787807288787754,0.19377820239333862,1.2149188567154376,19,232661,0.048454,25,10,0.3,low
15,FIFO_Profit,7.649195339438739,0.19453204651493636,0.6441248834268808,21,409968,0.076184,25,10,0.3,low
15,Longest_Carbon,11.851241828283449,0.19097687365381794,1.5625051412862332,19,343020,0.066568,25,10,0.3,low
15,Hungriest_Profit,7.034550992480488,0.19278918017143865,0.6967071078280221,22,277858,0.056789,25,10,0.3,low
15,Longest_Free HW,11.407230380721083,0.19371884041600423,1.3593428422213356,19,531072,0.094947,25,10,0.3,low
15,Longest_Profit,4.243293708094295,0.19471278083470675,0.521109681273757,23,229654,0.048819,25,10,0.3,low
15,Random_Profit,7.544380653484022,0.19463030009908378,0.6780797650157302,21,236033,0.052032,25,10,0.3,low
15,Hungriest_Carbon,13.468682408431937,0.19445565658798852,1.2544555455194415,19,316278,0.063556,25,10,0.3,low
15,Longest_Balanced,9.795603983821854,0.19181063681788577,1.2409614473703294,20,545223,0.098145,25,10,0.3,low
15,Random_Free HW,13.752212707476785,0.1927440564979243,1.3255990912091282,18,238699,0.050805,25,10,0.3,low
15,Random_Balanced,9.742236488689676,0.19099696085898527,0.9575393928898716,20,336348,0.066666,25,10,0.3,low
15,Hungriest_Balanced,11.860811831242435,0.19132866647999133,1.125313291319532,20,350146,0.07056,25,10,0.3,low
15,Random_Carbon,13.040553341595434,0.1555201543348972,1.4129084403763232,18,255585,0.054202,25,10,0.3,low
15,Hungriest_Free HW,14.663658878647539,0.18688840276377944,1.4592467028210159,18,1488159,0.239146,25,10,0.3,low
15,MILP,17.700480320814464,0.19411741616025677,1.6305557873588103,16,0,79.761772,25,10,0.3,low
16,FIFO_Profit,8.308190158856693,0.19472056375966112,0.7767030613068894,21,223488,0.047118,25,10,0.3,low
16,FIFO_Free HW,13.61995385913792,0.18947005928889973,1.2525190812183915,18,394811,0.074312,25,10,0.3,low
16,FIFO_Balanced,13.438314210750086,0.19494168017557828,1.2538748122790784,18,250758,0.051547,25,10,0.3,low
16,Longest_Free HW,9.981286128412094,0.19347911206508409,1.2378169590571952,20,379313,0.072851,25,10,0.3,low
16,Longest_Carbon,13.273686081438848,0.18143894693098642,1.6780112742530326,18,389023,0.073279,25,10,0.3,low
16,Longest_Profit,6.29914979994573,0.19436638445618892,0.8248891876643722,22,376619,0.071805,25,10,0.3,low
16,Longest_Balanced,10.039413156969838,0.19481679499164706,1.121040825093721,20,362777,0.070682,25,10,0.3,low
16,Hungriest_Profit,7.0376168245570385,0.19475980674721305,0.6882266720407377,22,234655,0.050597,25,10,0.3,low
16,Hungriest_Balanced,11.875474050284584,0.19295881813211702,1.0982943669992877,20,305749,0.063268,25,10,0.3,low
16,FIFO_Carbon,14.388807855588425,0.17245677757584704,1.4146110486398131,18,358395,0.06861,25,10,0.3,low
16,Random_Balanced,12.04008042135115,0.19468092364726194,1.1528543868677703,19,244519,0.052066,25,10,0.3,low
16,Hungriest_Free HW,11.827433270113026,0.19462709683255347,1.1944235018987441,20,235063,0.051135,25,10,0.3,low
16,Random_Free HW,15.05131445030169,0.19495678880151868,1.4523882724037824,17,252298,0.053626,25,10,0.3,low
16,Random_Carbon,17.992439738513973,0.17012034167037451,1.6707897898053268,15,410878,0.077596,25,10,0.3,low
16,Random_Profit,6.664940766112839,0.1929770189815694,0.719052341114514,22,298100,0.06162,25,10,0.3,low
16,Hungriest_Carbon,17.515495595924314,0.19406736638178293,1.7179455416884974,16,574314,0.102322,25,10,0.3,low
16,MILP,21.024237763984186,0.19447030548563046,1.739809409787038,14,0,32.991808,25,10,0.3,low
17,FIFO_Carbon,14.393628556780754,0.19070392516583842,1.4202968207559816,18,314781,0.061666,25,10,0.3,low
17,FIFO_Profit,7.860919588823633,0.1938942940055731,0.589399871496062,21,248229,0.05144,25,10,0.3,low
17,FIFO_Balanced,12.017667263847692,0.1924224631120504,1.1233065937655609,19,277066,0.056074,25,10,0.3,low
17,Hungriest_Profit,7.032104206880987,0.19465911450655993,0.6994921533713704,22,234420,0.050939,25,10,0.3,low
17,FIFO_Free HW,11.544375725993234,0.1935822595559949,0.9859674615812707,19,366885,0.069054,25,10,0.3,low
17,Longest_Carbon,11.856405438292688,0.19254107586085278,1.5511133665858277,19,326115,0.063323,25,10,0.3,low
17,Hungriest_Balanced,11.875474050284584,0.19295881813211702,1.0982943669992877,20,304898,0.063391,25,10,0.3,low
17,Longest_Profit,4.2394348933232155,0.19327127469639044,0.531069236313393,23,279402,0.056014,25,10,0.3,low
17,Longest_Free HW,6.612831397062268,0.1944591908171181,0.8218999396168822,22,953867,0.161154,25,10,0.3,low
17,Random_Free HW,14.172221712517796,0.19333080748597525,1.3923915180681672,17,262835,0.055371,25,10,0.3,low
17,Hungriest_Carbon,12.909399250068235,0.19323024934914118,1.3895466645221155,19,518905,0.093427,25,10,0.3,low
17,Random_Profit,8.946603176891967,0.19413586066100633,0.7796533128224412,20,271206,0.057356,25,10,0.3,low
17,Longest_Balanced,10.029135801032758,0.1945109320529353,1.1409121671254845,20,316976,0.064189,25,10,0.3,low
17,Random_Carbon,16.710882246556213,0.1949257650473885,1.5609435480523444,16,536594,0.096119,25,10,0.3,low
17,Random_Balanced,11.01620985622878,0.19253923597909564,1.056266093105825,19,293714,0.060397,25,10,0.3,low
17,Hungriest_Free HW,8.402787042193793,0.1933270519602804,0.9191188991886876,21,1022215,0.172311,25,10,0.3,low
17,MILP,19.697610772900887,0.19398114687256868,1.5915110879981966,15,0,56.002771,25,10,0.3,low
18,FIFO_Profit,7.858894099714514,0.1947029859611122,0.5979493611356875,21,225166,0.048613,25,10,0.3,low
18,FIFO_Free HW,9.898782413598257,0.19308130398797502,0.9296085796583333,20,254436,0.052166,25,10,0.3,low
18,FIFO_Balanced,8.302607949776467,0.1937787585671699,0.7966631196633458,21,249953,0.050726,25,10,0.3,low
18,Longest_Profit,4.243293708094295,0.19471278083470675,0.521109681273757,23,230123,0.04838,25,10,0.3,low
18,Longest_Carbon,11.190333226855756,0.188456624165035,1.4242311198951474,19,574598,0.100686,25,10,0.3,low
18,Longest_Balanced,6.297199779111975,0.19480288717871505,0.8368617369542082,22,335039,0.065246,25,10,0.3,low
18,FIFO_Carbon,11.966945781709626,0.18733111466744293,1.2234722621045722,19,436792,0.080017,25,10,0.3,low
18,Random_Profit,11.38244307213352,0.19374580156241078,1.015172527748956,19,273422,0.05685,25,10,0.3,low
18,Hungriest_Profit,9.09225255827127,0.19489367439341854,0.9987717057664112,21,471788,0.088495,25,10,0.3,low
18,Longest_Free HW,11.39757310634901,0.19391679526282257,1.3788517363240098,19,491853,0.089278,25,10,0.3,low
18,Random_Balanced,7.645967707831118,0.1945338349826304,0.6568240568997228,21,230827,0.04953,25,10,0.3,low
18,Hungriest_Balanced,7.031755130801591,0.19327977621037423,0.7034066998792659,22,282147,0.063615,25,10,0.3,low
18,Hungriest_Free HW,13.879602368658201,0.194961786483175,1.325795311513167,18,564904,0.100602,25,10,0.3,low
18,Random_Free HW,14.267183927682675,0.1911591259726017,1.3116891183143329,17,360986,0.074623,25,10,0.3,low
18,Random_Carbon,13.642984235144997,0.1863298472157763,1.3585080489433796,18,443244,0.082155,25,10,0.3,low
18,Hungriest_Carbon,13.882652599682451,0.19041386630310048,1.323919499680595,18,1065147,0.174833,25,10,0.3,low
18,MILP,17.801482047723518,0.19459490018408848,1.4269989241299128,15,0,47.952402,25,10,0.3,low
19,Longest_Profit,4.243293708094295,0.19471278083470675,0.521109681273757,23,228458,0.048141,25,10,0.3,low
19,FIFO_Profit,8.277913062208011,0.1945357875348943,0.8331273322141568,21,285351,0.056819,25,10,0.3,low
19,FIFO_Carbon,11.747887537906465,0.1798613653825087,1.2925967499056301,19,263157,0.053402,25,10,0.3,low
19,FIFO_Balanced,10.362480563695684,0.1946923867253666,1.096653745745648,20,245836,0.050165,25,10,0.3,low
19,FIFO_Free HW,11.313216330517227,0.19313347912931073,1.0823781469637637,19,335819,0.063621,25,10,0.3,low
19,Longest_Carbon,11.401130726193937,0.1599539253986417,1.3483895616532102,19,326549,0.06394,25,10,0.3,low
19,Longest_Balanced,10.017666790663132,0.1939658613195985,1.1748287555122445,20,295982,0.059228,25,10,0.3,low
19,Hungriest_Free HW,10.485086262955381,0.19324299175318543,1.1938781455525629,20,332638,0.069478,25,10,0.3,low
19,Hungriest_Profit,8.427573275806694,0.19426181983999125,0.8822334796035183,21,635906,0.11441,25,10,0.3,low
19,Hungriest_Balanced,13.143411269648375,0.1945748180295511,1.2961755493038585,19,276704,0.057879,25,10,0.3,low
19,Random_Carbon,13.856493019526473,0.19200295263447975,1.29817604796391,18,323019,0.064547,25,10,0.3,low
19,Longest_Free HW,6.272162863912532,0.1939256056250705,0.8959297402858288,22,287781,0.058185,25,10,0.3,low
19,Random_Free HW,9.890620815498457,0.18717348248928373,0.9470845953865513,20,247018,0.052283,25,10,0.3,low
19,Random_Profit,8.948457785819082,0.1949904453056029,0.8469789650610814,20,236798,0.051513,25,10,0.3,low
19,Hungriest_Carbon,13.877603080391232,0.16397571414039933,1.326829410083579,18,411526,0.079329,25,10,0.3,low
19,Random_Balanced,11.905346419752693,0.1909368977484673,1.252580115439642,19,286668,0.05881,25,10,0.3,low
19,MILP,15.51681450280807,0.19403297172750095,1.3949207140845084,17,0,44.923579,25,10,0.3,low
20,FIFO_Carbon,16.042634286221325,0.1905791094574745,1.4640643852090374,17,279990,0.05652,25,10,0.3,low
20,FIFO_Profit,8.28886894777478,0.19455231074743443,0.8115408898292797,21,329827,0.063768,25,10,0.3,low
20,FIFO_Balanced,13.657318388853259,0.1926063421454627,1.1825946525428557,18,290342,0.058777,25,10,0.3,low
20,FIFO_Free HW,13.608293456531324,0.19045543145208857,1.2776626524266537,18,364042,0.069305,25,10,0.3,low
20,Longest_Profit,4.243293708094295,0.19471278083470675,0.521109681273757,23,229465,0.052671,25,10,0.3,low
20,Hungriest_Profit,8.671237947766837,0.19498921801315983,0.7661696689340334,21,288685,0.058952,25,10,0.3,low
20,Longest_Carbon,13.269640365708439,0.18359938909622614,1.6894123217397985,18,400930,0.075291,25,10,0.3,low
20,Random_Carbon,16.812746554121002,0.17979432335734233,1.5131458358912702,16,518140,0.093712,25,10,0.3,low
20,Longest_Balanced,10.46943639365861,0.19136173345992566,1.3422455387966001,20,379343,0.072822,25,10,0.3,low
20,Longest_Free HW,12.825425732948435,0.19343508662902364,1.4952506713074514,18,721266,0.123119,25,10,0.3,low
20,Random_Profit,7.652353085375221,0.1946672596916666,0.6379550043662217,21,233881,0.050759,25,10,0.3,low
20,Hungriest_Balanced,11.872399167474654,0.19368171261623002,1.1050870981668264,20,286436,0.058966,25,10,0.3,low
20,Random_Balanced,11.823426063124796,0.19086598367868238,0.8693033199560588,19,447875,0.086684,25,10,0.3,low
20,Hungriest_Free HW,16.09092690753945,0.19497270949338322,1.5826330529891037,17,873975,0.146446,25,10,0.3,low
20,Random_Free HW,17.13742616131695,0.18347790784285695,1.399734313944489,16,756025,0.130782,25,10,0.3,low
20,Hungriest_Carbon,17.728166983473788,0.19435615579766388,1.6668437706440962,16,1318385,0.214095,25,10,0.3,low
20,MILP,21.22668148419807,0.1949590977130256,1.6974423352709327,14,0,79.273392,25,10,0.3,low
21,FIFO_Free HW,15.041987939976892,0.19459638339490537,1.3844666371539744,17,251476,0.051457,25,10,0.3,low
21,FIFO_Balanced,13.4228336592776,0.19407105506011785,1.2832873440982444,18,243332,0.050338,25,10,0.3,low
21,FIFO_Carbon,15.813838283506874,0.18036504500291517,1.545335246145545,17,315599,0.062516,25,10,0.3,low
21,FIFO_Profit,7.863139305688979,0.19348259519134223,0.5843920390862346,21,413922,0.076997,25,10,0.3,low
21,Hungriest_Profit,8.671237947766837,0.19498921801315983,0.7661696689340334,21,285657,0.064046,25,10,0.3,low
21,Longest_Carbon,14.6963002055595,0.19362387825638794,1.8146419545547028,17,367820,0.069966,25,10,0.3,low
21,Longest_Profit,4.243293708094295,0.19471278083470675,0.521109681273757,23,230123,0.048676,25,10,0.3,low
21,Random_Profit,10.15961375953418,0.19370571085192026,0.690488870441636,19,230533,0.050274,25,10,0.3,low
21,Longest_Balanced,12.112645089762838,0.19228313043516757,1.3959663057661094,19,372474,0.080541,25,10,0.3,low
21,Random_Free HW,13.849368458823696,0.19354715304265832,1.2395572475103915,18,243891,0.051956,25,10,0.3,low
21,Hungriest_Carbon,13.910432902660283,0.19368182666874156,1.4593341757936116,19,313885,0.064167,25,10,0.3,low
21,Longest_Free HW,10.424023520901569,0.19449698666856124,1.4386869852449615,20,262139,0.053578,25,10,0.3,low
21,Random_Balanced,14.409170586183752,0.19469938697220085,1.207240357791237,17,286762,0.058764,25,10,0.3,low
21,Random_Carbon,17.350722030544535,0.19399967966253867,1.6534022355677003,16,258308,0.054869,25,10,0.3,low
21,Hungriest_Free HW,14.671329365739826,0.19359900752032855,1.4470217665906877,18,1274698,0.206086,25,10,0.3,low
21,Hungriest_Balanced,14.934286768698634,0.19454678704757544,1.2927945707349995,18,2163070,0.34393,25,10,0.3,low
21,MILP,21.104883195533517,0.19291356340972488,1.7513912944673136,14,0,152.399647,25,10,0.3,low
22,FIFO_Profit,7.649195339438739,0.19453204651493636,0.6441248834268808,21,259731,0.052658,25,10,0.3,low
22,FIFO_Carbon,12.799941298520931,0.18647568432617756,1.2685602673688698,19,317423,0.062461,25,10,0.3,low
22,FIFO_Balanced,11.807404270157384,0.19457107100885457,1.189001215317168,19,235915,0.049146,25,10,0.3,low
22,Longest_Profit,4.243293708094295,0.19471278083470675,0.521109681273757,23,228550,0.04795,25,10,0.3,low
22,Longest_Balanced,10.044794919576283,0.19316633474358377,1.1203464619996069,20,295505,0.059077,25,10,0.3,low
22,FIFO_Free HW,11.140126022614453,0.1882772292965288,1.0530415884797761,19,393565,0.073338,25,10,0.3,low
22,Hungriest_Free HW,9.455904947499034,0.19411068787667163,0.8904044091370765,21,230719,0.05018,25,10,0.3,low
22,Hungriest_Profit,8.675511195676103,0.19392558189545644,0.7564721429114175,21,338278,0.071222,25,10,0.3,low
22,Longest_Carbon,10.818460842251493,0.1939419194779387,1.27564319545081,20,452949,0.082508,25,10,0.3,low
22,Hungriest_Carbon,13.293937644489194,0.1868015048948147,1.2411233551791154,19,421416,0.078101,25,10,0.3,low
22,Hungriest_Balanced,11.535945057905444,0.19261252370011026,1.1683610710368104,20,274197,0.057241,25,10,0.3,low
22,Random_Balanced,11.9393461989862,0.19266863547416888,1.1952371014359235,19,249625,0.052802,25,10,0.3,low
22,Random_Profit,5.88606418380117,0.19385363168210712,0.5812730093064329,22,234266,0.050558,25,10,0.3,low
22,Random_Carbon,11.345426537875287,0.144805521119041,0.9862059477228883,19,240359,0.052118,25,10,0.3,low
22,Longest_Free HW,7.739006608282407,0.1932406282249156,0.9300295374107147,21,439753,0.080847,25,10,0.3,low
22,Random_Free HW,12.462264749847643,0.18885301954419378,1.2091562832205789,18,494686,0.090087,25,10,0.3,low
22,MILP,16.232758919350726,0.1943773401311788,1.4088008258547362,17,0,13.580084,25,10,0.3,low
23,FIFO_Carbon,14.40116156982356,0.19320470760110695,1.4085658697581769,18,231208,0.048201,25,10,0.3,low
23,FIFO_Profit,8.308174137741915,0.1934313064545843,0.7739324420232923,21,240442,0.050153,25,10,0.3,low
23,Hungriest_Profit,8.682426905981558,0.1949319743394938,0.7394346512636566,21,379958,0.07526,25,10,0.3,low
23,Longest_Carbon,13.498185763688443,0.19372766839249234,1.610516579643402,18,335693,0.065041,25,10,0.3,low
23,FIFO_Free HW,11.974961791944542,0.1914210247950915,1.2075340245256845,19,260249,0.053112,25,10,0.3,low
23,Random_Profit,10.06767209433906,0.19426624803091996,0.9256852365218673,20,251688,0.05328,25,10,0.3,low
23,Hungriest_Free HW,11.829704022900923,0.19358105188768326,1.1879988763423661,20,260370,0.054802,25,10,0.3,low
23,Longest_Free HW,12.832937767043818,0.1934011564104156,1.478325662957475,18,352324,0.067817,25,10,0.3,low
23,FIFO_Balanced,12.014661087221036,0.193745617098169,1.1311189570553808,19,229208,0.048502,25,10,0.3,low
23,Random_Balanced,13.547472375155172,0.19473155795803476,1.3067929312430804,18,252318,0.053382,25,10,0.3,low
23,Random_Carbon,15.42928070208728,0.19062756230288505,1.325156769329424,17,264880,0.055481,25,10,0.3,low
23,Hungriest_Balanced,12.936112032904587,0.19499063576507564,1.333631957124902,19,434047,0.080749,25,10,0.3,low
23,Longest_Balanced,11.205464920170302,0.19416814043916328,1.3978470038769535,19,449623,0.082807,25,10,0.3,low
23,Random_Free HW,11.559676162392455,0.17139777905770381,0.9436442815744307,19,241014,0.051285,25,10,0.3,low
23,Hungriest_Carbon,14.671316640226756,0.19098926825228274,1.4624639051931991,18,1104292,0.180955,25,10,0.3,low
23,Longest_Profit,6.650588541605554,0.19413467986992855,0.7476785666680583,22,1347551,0.221319,25,10,0.3,low
23,MILP,17.61947698133185,0.19375562908398886,1.6142377854731875,16,0,92.323615,25,10,0.3,low
24,FIFO_Free HW,13.620332943740355,0.18997452944668602,1.252367997967775,18,352443,0.067609,25,10,0.3,low
24,FIFO_Carbon,14.388807855588425,0.17245677757584704,1.4146110486398131,18,412383,0.076641,25,10,0.3,low
24,FIFO_Profit,7.863139305688979,0.19348259519134223,0.5843920390862346,21,411058,0.076743,25,10,0.3,low
24,FIFO_Balanced,13.422869591091569,0.19410906465372144,1.2832614050783975,18,253868,0.052663,25,10,0.3,low
24,Hungriest_Profit,8.671237947766837,0.19498921801315983,0.7661696689340334,21,285405,0.057924,25,10,0.3,low
24,Longest_Carbon,13.271370626589098,0.1820599606163106,1.6831967477829386,18,378193,0.071737,25,10,0.3,low
24,Longest_Profit,4.243293708094295,0.19471278083470675,0.521109681273757,23,230123,0.048371,25,10,0.3,low
24,Hungriest_Balanced,11.872399167474654,0.19368171261623002,1.1050870981668264,20,261439,0.055125,25,10,0.3,low
24,Random_Profit,9.708811889495541,0.1945605593236333,0.7720857986040323,19,244475,0.052262,25,10,0.3,low
24,Random_Balanced,14.886862291083212,0.19448348614330285,1.1377255505038635,17,237660,0.051066,25,10,0.3,low
24,Longest_Balanced,10.470475449695954,0.1911007688723123,1.33993483445441,20,368653,0.071886,25,10,0.3,low
24,Random_Carbon,16.695458771997174,0.1903425986529773,1.5097764267511127,16,295091,0.060607,25,10,0.3,low
24,Random_Free HW,15.397104661238476,0.19463870441089698,1.3773964005411965,17,341795,0.067342,25,10,0.3,low
24,Hungriest_Free HW,16.09092690753945,0.19497270949338322,1.5826330529891037,17,873358,0.146412,25,10,0.3,low
24,Longest_Free HW,12.825425732948435,0.19343508662902364,1.4952506713074514,18,698870,0.120409,25,10,0.3,low
24,Hungriest_Carbon,16.088799153411216,0.18592661728280113,1.5954633021402058,17,1384400,0.222917,25,10,0.3,low
24,MILP,21.006716432843348,0.19467324529046137,1.7685378797702072,14,0,31.580334,25,10,0.3,low
25,FIFO_Profit,8.28886894777478,0.19455231074743443,0.8115408898292797,21,294259,0.058183,25,10,0.3,low
25,FIFO_Carbon,16.45487900615285,0.17559225442606657,1.5324356684245968,16,324796,0.062849,25,10,0.3,low
25,FIFO_Free HW,10.32585833974803,0.18550836682128227,1.1587747027816584,20,379590,0.071561,25,10,0.3,low
25,FIFO_Balanced,10.377342510553195,0.18818603203157594,1.0587326585228696,20,486012,0.089229,25,10,0.3,low
25,Hungriest_Profit,8.676775039452542,0.19321296947072952,0.75123530950467,21,416530,0.07862,25,10,0.3,low
25,Random_Profit,10.708814453736116,0.1938210250530014,0.8398587378697494,19,253225,0.053893,25,10,0.3,low
25,Longest_Profit,4.243293708094295,0.19471278083470675,0.521109681273757,23,230620,0.048935,25,10,0.3,low
25,Longest_Carbon,10.436824375079283,0.19174816672598988,1.4116989255273422,20,353949,0.067986,25,10,0.3,low
25,Longest_Balanced,10.039034072367405,0.1943123248338608,1.1211919083443371,20,357977,0.069891,25,10,0.3,low
25,Longest_Free HW,7.911791753611445,0.19289232908975243,0.948135929201193,21,405786,0.077078,25,10,0.3,low
25,Hungriest_Carbon,13.124554572252219,0.1944139233831394,1.3279893196605086,19,376299,0.072376,25,10,0.3,low
25,Random_Carbon,18.45906638125334,0.1894051229761095,1.568927926989704,15,311534,0.063649,25,10,0.3,low
25,Random_Balanced,15.441855293778087,0.19262418112110755,1.2838289123616502,17,286211,0.058859,25,10,0.3,low
25,Hungriest_Free HW,11.48274215485768,0.1948551165490054,1.2632110624027602,20,305055,0.062078,25,10,0.3,low
25,Random_Free HW,15.698453025393967,0.19455560950725037,1.4253017634624918,16,373989,0.072159,25,10,0.3,low
25,Hungriest_Balanced,11.531202575218114,0.19148336769282664,1.1654418448690511,20,449420,0.084361,25,10,0.3,low
25,MILP,20.23065268073983,0.19429604040384751,1.616829734385814,14,0,238.969827,25,10,0.3,low
26,FIFO_Profit,7.863139305688979,0.19348259519134223,0.5843920390862346,21,413922,0.077304,25,10,0.3,low
26,FIFO_Carbon,14.388807855588425,0.17245677757584704,1.4146110486398131,18,412383,0.076745,25,10,0.3,low
26,FIFO_Balanced,13.422869591091569,0.19410906465372144,1.2832614050783975,18,253500,0.052207,25,10,0.3,low
26,Longest_Profit,4.243293708094295,0.19471278083470675,0.521109681273757,23,230123,0.048827,25,10,0.3,low
26,FIFO_Free HW,13.620332943740355,0.18997452944668602,1.252367997967775,18,352443,0.068035,25,10,0.3,low
26,Hungriest_Balanced,11.872399167474654,0.19368171261623002,1.1050870981668264,20,261439,0.055152,25,10,0.3,low
26,Hungriest_Profit,8.671237947766837,0.19498921801315983,0.7661696689340334,21,285657,0.058482,25,10,0.3,low
26,Random_Profit,9.165210462709375,0.19045091552697602,0.6997314489524886,20,409696,0.079036,25,10,0.3,low
26,Longest_Balanced,10.470475449695954,0.1911007688723123,1.33993483445441,20,368052,0.07089,25,10,0.3,low
26,Longest_Carbon,13.271370626589098,0.1820599606163106,1.6831967477829386,18,378193,0.07243,25,10,0.3,low
26,Hungriest_Free HW,16.09092690753945,0.19497270949338322,1.5826330529891037,17,873478,0.146369,25,10,0.3,low
26,Longest_Free HW,12.825425732948435,0.19343508662902364,1.4952506713074514,18,698940,0.120691,25,10,0.3,low
26,Random_Carbon,17.543254966047293,0.17296640009730527,1.7875500987908715,15,473595,0.087527,25,10,0.3,low
26,Random_Balanced,12.360239354891721,0.19306827501543167,1.0587776322797897,19,382192,0.074485,25,10,0.3,low
26,Hungriest_Carbon,17.728166983473788,0.19435615579766388,1.6668437706440962,16,1318385,0.212765,25,10,0.3,low
26,Random_Free HW,15.272932837129304,0.1855556618690311,1.363366469328105,17,946720,0.157681,25,10,0.3,low
26,MILP,21.006716432843348,0.19467324529046137,1.7685378797702072,14,0,25.181864,25,10,0.3,low
27,FIFO_Profit,6.223011711901199,0.19416191702023905,0.5265477694537392,22,222515,0.047077,25,10,0.3,low
27,FIFO_Balanced,8.307098085240533,0.19468967139967958,0.7829373161932932,21,218049,0.045995,25,10,0.3,low
27,FIFO_Carbon,14.398453418065808,0.1910142059440361,1.4084702484535476,18,268594,0.05441,25,10,0.3,low
27,FIFO_Free HW,13.389132441781879,0.19113751780590948,1.3488336605596938,18,270814,0.05483,25,10,0.3,low
27,Longest_Carbon,10.433812392130179,0.18523879050234743,1.4168994562786832,20,344817,0.067491,25,10,0.3,low
27,Longest_Profit,5.884658780688145,0.19461617349671398,0.5798801831613937,22,374561,0.074631,25,10,0.3,low
27,Hungriest_Free HW,9.407422499962129,0.19326413407995985,0.9891830824333521,21,279004,0.057593,25,10,0.3,low
27,Longest_Balanced,9.805106634567984,0.1944374486789126,1.223432706978293,20,825945,0.137407,25,10,0.3,low
27,Longest_Free HW,9.77069869342331,0.19270560840076162,1.2866793595999164,20,688615,0.119067,25,10,0.3,low
27,Random_Profit,9.284833840240367,0.19470157746201838,0.7206677066502472,20,233452,0.050324,25,10,0.3,low
27,Random_Balanced,11.374748219348305,0.1907002492655598,1.0347677614315418,19,348408,0.07017,25,10,0.3,low
27,Random_Free HW,14.81191341363579,0.18762792149089735,1.4761645926833524,17,255624,0.054258,25,10,0.3,low
27,Hungriest_Balanced,10.868060742716956,0.19471153391478552,1.039804937378275,20,383926,0.075717,25,10,0.3,low
27,Random_Carbon,12.70241707948467,0.11258453235940433,1.2150028965123618,18,445320,0.082617,25,10,0.3,low
27,Hungriest_Profit,8.66748429177494,0.19377098997743597,0.7754478962780377,21,435127,0.08408,25,10,0.3,low
27,Hungriest_Carbon,16.308046205350998,0.18784861241137502,1.529795681632002,17,1102657,0.180598,25,10,0.3,low
27,MILP,18.050137283637703,0.1940791111664071,1.5482154970916355,16,0,107.416879,25,10,0.3,low
28,FIFO_Carbon,15.819336096499221,0.1930817682140103,1.5473512278936596,17,234961,0.048801,25,10,0.3,low
28,FIFO_Profit,7.861888141770081,0.19493686052688503,0.5895744658070009,21,229387,0.048345,25,10,0.3,low
28,FIFO_Balanced,10.374828928124787,0.19376550638132312,1.0723298890215989,20,243832,0.050897,25,10,0.3,low
28,FIFO_Free HW,14.816372227575307,0.19453254159747524,1.4712609805492392,17,266317,0.054239,25,10,0.3,low
28,Longest_Profit,5.885431066135193,0.19468345269902382,0.5827256762161688,22,285753,0.058029,25,10,0.3,low
28,Longest_Balanced,9.79562015323575,0.19269348741718226,1.2473092198626015,20,446065,0.081994,25,10,0.3,low
28,Longest_Free HW,10.420150727036644,0.19138763976197895,1.440979468306965,20,322719,0.063557,25,10,0.3,low
28,Hungriest_Carbon,16.31232519346643,0.1903182211378425,1.5119775105510254,17,355991,0.068404,25,10,0.3,low
28,Longest_Carbon,13.493807035037216,0.1910881225052007,1.61524237410197,18,341130,0.065759,25,10,0.3,low
28,Hungriest_Balanced,8.679148541973513,0.19472617049756905,0.7509120486699568,21,276821,0.056573,25,10,0.3,low
28,Hungriest_Free HW,11.050485482739186,0.19455809555745368,1.040539224500971,20,356405,0.068718,25,10,0.3,low
28,Hungriest_Profit,7.030956993460597,0.19443026831937718,0.7084057579667096,22,232854,0.050389,25,10,0.3,low
28,Random_Profit,8.285875948637697,0.19487705099245042,0.8157001398763326,21,300829,0.060914,25,10,0.3,low
28,Random_Carbon,16.443321855088683,0.15572857357638425,1.5358397469820562,16,273878,0.057583,25,10,0.3,low
28,Random_Balanced,10.069572631652719,0.19418535283182892,0.8682172904159792,20,242998,0.059335,25,10,0.3,low
28,Random_Free HW,12.995002930036746,0.19158267801479387,1.3055971253421625,19,340654,0.067839,25,10,0.3,low
28,MILP,19.005423833105823,0.19463714134162574,1.7341829004281344,15,0,87.131129,25,10,0.3,low
29,FIFO_Free HW,11.974969143649554,0.19230074769639405,1.2065734296504984,19,270807,0.054591,25,10,0.3,low
29,Longest_Profit,5.884927426912471,0.19487742056348106,0.57958308423289,22,296584,0.059557,25,10,0.3,low
29,FIFO_Profit,7.861403382194788,0.1936206141347723,0.5876398145983277,21,254982,0.052957,25,10,0.3,low
29,FIFO_Carbon,13.39151859884454,0.18046582673242229,1.3499696127864405,18,416756,0.077817,25,10,0.3,low
29,Longest_Free HW,10.424023520901569,0.19449698666856122,1.4386869852449615,20,262611,0.053995,25,10,0.3,low
29,FIFO_Balanced,8.3067190006381,0.19418520124189326,0.7830883994439094,21,233457,0.048791,25,10,0.3,low
29,Random_Free HW,13.514324376163305,0.19232488651124643,1.2989934435483677,18,252791,0.053272,25,10,0.3,low
29,Longest_Carbon,11.855719452151794,0.18854468491075882,1.5449352190672132,19,365937,0.070133,25,10,0.3,low
29,Longest_Balanced,9.817077016207868,0.19418528604266247,1.2045836084073627,20,818703,0.136898,25,10,0.3,low
29,Hungriest_Balanced,11.536243804941094,0.1949582493163826,1.1617930287945224,20,269421,0.056163,25,10,0.3,low
29,Random_Profit,8.966087037167902,0.19317825398064736,0.813294031543117,20,261596,0.055486,25,10,0.3,low
29,Hungriest_Profit,7.03507542576214,0.19327360305769442,0.6928826068045464,22,283135,0.05826,25,10,0.3,low
29,Random_Balanced,13.218754243978326,0.19348610813289718,1.333798904092872,18,275278,0.057574,25,10,0.3,low
29,Hungriest_Carbon,13.250943006535644,0.18843818357461378,1.3221575167552886,19,788874,0.134139,25,10,0.3,low
29,Hungriest_Free HW,11.823678179523238,0.18678899017237843,1.1997373651574377,20,551068,0.099001,25,10,0.3,low
29,Random_Carbon,15.516775713149679,0.18905235698788614,1.3300346374041983,17,1736759,0.274047,25,10,0.3,low
29,MILP,18.693442602643835,0.19458446869776846,1.5353387925172561,15,0,57.711568,25,10,0.3,low
30,FIFO_Profit,6.22658407518204,0.19466362281196675,0.5188947951573971,22,208144,0.044741,25,10,0.3,low
30,FIFO_Free HW,11.97542361756754,0.19482748877683354,1.2061083221952942,19,228391,0.048484,25,10,0.3,low
30,Longest_Balanced,10.45234275827477,0.1949160960620907,1.3777156068591734,20,267107,0.054099,25,10,0.3,low
30,FIFO_Balanced,12.777978507459187,0.19375559681726753,1.3097360447494881,19,270506,0.055117,25,10,0.3,low
30,Longest_Free HW,12.055497748206975,0.1941545797485355,1.512115732713638,19,308939,0.062111,25,10,0.3,low
30,Hungriest_Profit,7.032161031167934,0.1938619994850136,0.6940833689600305,22,284699,0.058734,25,10,0.3,low
30,FIFO_Carbon,17.4450751751608,0.15825792347126938,1.5975039252774845,16,290730,0.057673,25,10,0.3,low
30,Hungriest_Balanced,8.673682940408058,0.19351864382331546,0.7489630224508499,21,391668,0.074936,25,10,0.3,low
30,Longest_Profit,5.882145786806496,0.19476095760043036,0.5885081326466902,22,282942,0.058152,25,10,0.3,low
30,Random_Profit,10.730697847791939,0.1947900144208819,0.87435627565081,19,234032,0.05086,25,10,0.3,low
30,Hungriest_Carbon,15.66251840000045,0.18303189470240822,1.5354842680113305,18,447632,0.082693,25,10,0.3,low
30,Longest_Carbon,12.846214162165236,0.19444182076215816,1.6363458570625842,19,375555,0.072298,25,10,0.3,low
30,Random_Balanced,7.521273306388048,0.1929661718057163,0.6468514285710418,21,269781,0.056525,25,10,0.3,low
30,Random_Carbon,19.517581936004667,0.1541635382792851,1.7785230945797417,14,350314,0.069017,25,10,0.3,low
30,Random_Free HW,14.161179470063269,0.1920827161963355,1.5054627637533127,18,319909,0.064594,25,10,0.3,low
30,Hungriest_Free HW,10.823004408236331,0.1929682944654563,1.1199392883800063,20,1088028,0.179479,25,10,0.3,low
30,MILP,22.19666258126552,0.1936355651831054,1.9341247001902815,13,0,25.35669,25,10,0.3,low
31,FIFO_Free HW,14.168139265162342,0.1936521276606769,1.494600861008877,18,229810,0.047886,25,10,0.3,low
31,FIFO_Profit,8.277913062208011,0.1945357875348943,0.8331273322141568,21,348336,0.066634,25,10,0.3,low
31,FIFO_Carbon,17.016171916665723,0.19292557129186733,1.7573301552028824,16,328797,0.063547,25,10,0.3,low
31,Longest_Carbon,12.513359731449617,0.1923158392991936,1.681595714829066,19,291254,0.058028,25,10,0.3,low
31,FIFO_Balanced,11.794793394404975,0.19428321725042486,1.2007078316736226,19,235726,0.049386,25,10,0.3,low
31,Longest_Profit,4.243293708094295,0.19471278083470675,0.521109681273757,23,229626,0.048606,25,10,0.3,low
31,Longest_Free HW,11.627200146580348,0.19445983748183493,1.2885435764058537,19,356137,0.06903,25,10,0.3,low
31,Longest_Balanced,11.862313813369747,0.19391475635089406,1.5302118985679973,19,340507,0.066368,25,10,0.3,low
31,Hungriest_Balanced,11.875474050284584,0.19295881813211702,1.0982943669992877,20,278601,0.059051,25,10,0.3,low
31,Hungriest_Profit,8.671237947766837,0.19498921801315983,0.7661696689340334,21,281173,0.05741,25,10,0.3,low
31,Random_Profit,8.98253148854584,0.19495428022566905,0.6686444237155451,21,224832,0.049037,25,10,0.3,low
31,Hungriest_Free HW,11.82532536282573,0.19288679103725673,1.1974250837768847,20,257163,0.054395,25,10,0.3,low
31,Random_Free HW,13.410205122636023,0.19334580604301688,1.392608848196057,18,323816,0.072805,25,10,0.3,low
31,Random_Balanced,13.44098869269723,0.19483298242484678,1.3245258611414374,18,274955,0.056995,25,10,0.3,low
31,Hungriest_Carbon,16.09033260073339,0.18668482912111856,1.5881466148127523,17,978214,0.162144,25,10,0.3,low
31,Random_Carbon,14.989223834565898,0.19436298896923587,1.3679017165053349,18,822384,0.139063,25,10,0.3,low
31,MILP,19.466255479097,0.1947029631785763,1.6941835783896728,15,0,105.978194,25,10,0.3,low
32,FIFO_Profit,8.30969071526999,0.19498418612198828,0.7732544743321006,21,227747,0.047712,25,10,0.3,low
32,FIFO_Carbon,14.39776000357023,0.1723796550492625,1.3968556767625009,18,315675,0.061716,25,10,0.3,low
32,FIFO_Free HW,12.762954450327726,0.1946406152327981,1.3346323816881398,19,238983,0.049557,25,10,0.3,low
32,FIFO_Balanced,12.017862116648907,0.19220669737127039,1.1216583697358944,19,297013,0.059135,25,10,0.3,low
32,Longest_Profit,4.243293708094295,0.19471278083470675,0.521109681273757,23,228982,0.048399,25,10,0.3,low
32,Longest_Carbon,13.267969602323273,0.19035156804768302,1.7069850539802864,18,429331,0.079654,25,10,0.3,low
32,Longest_Free HW,12.070081510884812,0.1934113842951448,1.4815697685016576,19,385075,0.073261,25,10,0.3,low
32,Hungriest_Balanced,11.872989475776631,0.19371549942105204,1.1039415173517566,20,285506,0.059201,25,10,0.3,low
32,Longest_Balanced,10.468957296696848,0.19144689660429845,1.343278686032694,20,359914,0.069527,25,10,0.3,low
32,Hungriest_Profit,7.039935005599188,0.19396802759730591,0.6813454787912336,22,257194,0.054232,25,10,0.3,low
32,Random_Profit,6.005068967730462,0.19338770796021804,0.5933861446146456,22,261175,0.055247,25,10,0.3,low
32,Random_Carbon,15.614473969886731,0.19315550596990003,1.6148228659847665,17,286647,0.062387,25,10,0.3,low
32,Random_Free HW,14.81256181719102,0.1949356418148962,1.4775723711493667,17,453880,0.084411,25,10,0.3,low
32,Random_Balanced,13.33949636982882,0.1924856464235818,1.2778145849935665,18,803108,0.135245,25,10,0.3,low
32,Hungriest_Carbon,17.729796055351546,0.19454574780534797,1.663029888226019,16,937407,0.156522,25,10,0.3,low
32,Hungriest_Free HW,16.315484620712905,0.1918392355051406,1.4996263831822334,17,2935741,0.458602,25,10,0.3,low
32,MILP,19.5909564157344,0.1940623153065677,1.627911378150319,15,0,93.580188,25,10,0.3,low
33,FIFO_Free HW,10.333379527479568,0.19331347449184927,1.1426237241340722,20,261132,0.052839,25,10,0.3,low
33,FIFO_Carbon,15.812584948331558,0.1755981526239567,1.544308028376835,17,320330,0.062746,25,10,0.3,low
33,Longest_Profit,4.243293708094295,0.19471278083470675,0.521109681273757,23,230123,0.04839,25,10,0.3,low
33,FIFO_Balanced,9.93401271756916,0.19333601503952144,0.8649385922503072,20,245653,0.050558,25,10,0.3,low
33,FIFO_Profit,7.863139305688979,0.19348259519134223,0.5843920390862346,21,409906,0.076903,25,10,0.3,low
33,Hungriest_Profit,8.671237947766837,0.19498921801315983,0.7661696689340334,21,285301,0.058146,25,10,0.3,low
33,Longest_Carbon,14.698139466622468,0.19358293698491758,1.8087374716050655,17,368244,0.070071,25,10,0.3,low
33,Random_Profit,4.243293708094295,0.19471278083470675,0.521109681273757,23,232268,0.049892,25,10,0.3,low
33,Longest_Balanced,12.114484350825807,0.1945221891636972,1.3948618228164724,19,348506,0.0679,25,10,0.3,low
33,Longest_Free HW,10.65953743829606,0.19116091274519764,1.4075946719243724,20,669905,0.11581,25,10,0.3,low
33,Random_Carbon,13.727612232030955,0.17536455504887802,1.288111704751717,18,528465,0.095951,25,10,0.3,low
33,Random_Balanced,10.505870447783227,0.1940751021815484,1.060610985963114,20,259599,0.059556,25,10,0.3,low
33,Hungriest_Free HW,12.90068414020602,0.18777860757744966,1.3931580848277454,19,713932,0.123282,25,10,0.3,low
33,Random_Free HW,15.56889650070596,0.1810549208525031,1.475767940831312,16,789938,0.134539,25,10,0.3,low
33,Hungriest_Carbon,16.30592680445208,0.19155100755809773,1.530161381868697,17,1114839,0.183927,25,10,0.3,low
33,Hungriest_Balanced,12.951505221848958,0.19190756661949074,1.2979525592442136,19,1608217,0.25654,25,10,0.3,low
33,MILP,20.663660898200302,0.19480891824972787,1.8321867738940187,14,0,64.932488,25,10,0.3,low
34,Longest_Profit,4.243293708094295,0.19471278083470675,0.521109681273757,23,229468,0.048439,25,10,0.3,low
34,FIFO_Free HW,13.622069082596548,0.1942183336049153,1.2486383697345664,18,230856,0.048233,25,10,0.3,low
34,FIFO_Profit,7.863139305688979,0.19348259519134223,0.5843920390862346,21,376324,0.071673,25,10,0.3,low
34,FIFO_Carbon,17.889462232929855,0.1942006100197572,1.6539721045761415,15,352792,0.06724,25,10,0.3,low
34,FIFO_Balanced,13.432313921044285,0.1913896314510946,1.2659212742110717,18,323846,0.064552,25,10,0.3,low
34,Random_Free HW,11.876819818273717,0.19456468670460655,1.2309806326659913,19,340489,0.067514,25,10,0.3,low
34,Longest_Free HW,8.354937556846414,0.19326130165859196,1.1415103092591046,21,324987,0.06427,25,10,0.3,low
34,Hungriest_Free HW,11.843046758920421,0.19456860378869426,1.1616170744233456,20,238732,0.051868,25,10,0.3,low
34,Random_Balanced,15.644078069548733,0.18993237310239106,1.2414060390680346,17,371433,0.072827,25,10,0.3,low
34,Hungriest_Profit,8.681321781422682,0.19497698652813425,0.7466566694902229,21,327122,0.065274,25,10,0.3,low
34,Longest_Carbon,11.859135032733803,0.1926228848080804,1.5455798579218427,19,355930,0.069386,25,10,0.3,low
34,Hungriest_Carbon,13.258098316862645,0.19477116959082447,1.3174144140213435,19,428636,0.079912,25,10,0.3,low
34,Random_Profit,14.093945887749301,0.19367557887549297,1.0052693673504716,17,234546,0.050705,25,10,0.3,low
34,Longest_Balanced,7.96341113259377,0.19345363838777388,0.8498493023679952,21,377575,0.073171,25,10,0.3,low
34,Random_Carbon,16.503647660755796,0.19193424561520667,1.4124785583656456,17,892320,0.151361,25,10,0.3,low
34,Hungriest_Balanced,12.296154913801233,0.19475807734047837,1.1617293617307192,19,2635794,0.415249,25,10,0.3,low
34,MILP,19.78553875533401,0.194302249726921,1.7118042125839528,14,0,45.575765,25,10,0.3,low
35,FIFO_Free HW,14.399058682968244,0.19323889120784973,1.4007202255789266,18,248637,0.051057,25,10,0.3,low
35,FIFO_Balanced,13.422869591091569,0.19410906465372144,1.2832614050783975,18,250404,0.051608,25,10,0.3,low
35,FIFO_Carbon,17.23594005617046,0.19431243284473926,1.6872632126488143,16,286637,0.057029,25,10,0.3,low
35,FIFO_Profit,7.863139305688979,0.19348259519134223,0.5843920390862346,21,406956,0.0761,25,10,0.3,low
35,Longest_Free HW,10.424023520901569,0.19449698666856122,1.4386869852449615,20,262011,0.053809,25,10,0.3,low
35,Longest_Profit,4.243293708094295,0.19471278083470675,0.521109681273757,23,230123,0.0494,25,10,0.3,low
35,Longest_Balanced,11.879613080136513,0.19423670124430042,1.4942123497507496,19,307186,0.061786,25,10,0.3,low
35,Hungriest_Profit,8.671237947766837,0.19498921801315983,0.7661696689340334,21,284849,0.058455,25,10,0.3,low
35,Random_Profit,6.903465988765605,0.19330021775977235,0.6848395860605511,22,276609,0.057463,25,10,0.3,low
35,Random_Carbon,17.35646512764486,0.19278092560772242,1.6317200486038468,16,266654,0.056368,25,10,0.3,low
35,Hungriest_Balanced,13.508182948556136,0.19481465105487863,1.17506932577407,19,309575,0.062257,25,10,0.3,low
35,Random_Balanced,12.222116236707661,0.19290146488476567,1.2503246551292575,18,282310,0.059417,25,10,0.3,low
35,Random_Free HW,14.952489197632234,0.1948131144976789,1.4591617604247324,17,257783,0.055304,25,10,0.3,low
35,Longest_Carbon,12.854588409649024,0.1946009637054622,1.623060554570357,19,354545,0.068144,25,10,0.3,low
35,Hungriest_Carbon,16.30457361088835,0.19158722775868742,1.5318405111357645,17,1093073,0.179852,25,10,0.3,low
35,Hungriest_Free HW,14.671329365739826,0.19359900752032855,1.4470217665906877,18,1385982,0.223392,25,10,0.3,low
35,MILP,21.10740172923451,0.19495593749402476,1.7502401781694106,14,0,21.729573,25,10,0.3,low
36,FIFO_Profit,7.857307242456867,0.1941204113728914,0.6025183088040055,21,243650,0.050982,25,10,0.3,low
36,FIFO_Carbon,15.815677544569843,0.18146410373144484,1.5418307631959078,17,281630,0.056843,25,10,0.3,low
36,FIFO_Free HW,12.754396882737263,0.19486118599577706,1.3516562026499899,19,229329,0.04812,25,10,0.3,low
36,Longest_Carbon,14.911753218196601,0.19423798229713013,1.7575368930230317,17,346743,0.067762,25,10,0.3,low
36,Longest_Free HW,10.422563344441032,0.19390239809781787,1.4420403849439825,20,299720,0.059368,25,10,0.3,low
36,FIFO_Balanced,12.022993809023827,0.19125064047258836,1.1190803271013066,19,335043,0.065468,25,10,0.3,low
36,Random_Profit,7.64471691716539,0.1934255805255637,0.662103847668965,21,246285,0.052571,25,10,0.3,low
36,Longest_Balanced,8.403578540674674,0.19407683889813637,1.0627483054875921,21,272232,0.055559,25,10,0.3,low
36,Hungriest_Balanced,13.959809764252633,0.1939262326094445,1.3576414275661421,19,274977,0.06013,25,10,0.3,low
36,Longest_Profit,6.2976906732924585,0.19467535272697378,0.8379044031719053,22,397618,0.074597,25,10,0.3,low
36,Hungriest_Profit,8.677897854490798,0.1948455197830772,0.7507884378016617,21,336495,0.067062,25,10,0.3,low
36,Random_Balanced,15.84019102792987,0.19424305334150674,1.5002266755053733,17,295770,0.06016,25,10,0.3,low
36,Hungriest_Free HW,16.091557267350105,0.19396847042261797,1.5822455884755107,17,988183,0.164401,25,10,0.3,low
36,Random_Carbon,17.997070901484346,0.19414979052605297,1.6929858790202887,15,605102,0.106543,25,10,0.3,low
36,Hungriest_Carbon,17.51344553881551,0.19010547389682692,1.7238009510009116,16,1093901,0.17873,25,10,0.3,low
36,Random_Free HW,14.809908761224474,0.18434813378450296,1.4778991332785207,17,602273,0.107646,25,10,0.3,low
36,MILP,20.922020431012257,0.19340869252989912,1.7650724904939357,14,0,6.138532,25,10,0.3,low
37,FIFO_Free HW,13.403105327034147,0.19295592631704347,1.323311088403651,18,239696,0.049868,25,10,0.3,low
37,Longest_Profit,4.243293708094295,0.19471278083470675,0.521109681273757,23,230123,0.049012,25,10,0.3,low
37,FIFO_Balanced,12.01635415420179,0.19408237214988536,1.1269402959551462,19,236630,0.049619,25,10,0.3,low
37,FIFO_Carbon,14.40447903973721,0.17562633933818717,1.3896510745132051,18,413097,0.076529,25,10,0.3,low
37,Longest_Carbon,13.287860343631294,0.186087655916102,1.658703276620594,18,418271,0.078075,25,10,0.3,low
37,FIFO_Profit,7.863139305688979,0.19348259519134223,0.5843920390862346,21,411513,0.076628,25,10,0.3,low
37,Hungriest_Profit,7.0376168245570385,0.19475980674721305,0.6882266720407377,22,235419,0.051565,25,10,0.3,low
37,Hungriest_Balanced,7.036614710638639,0.19397420074998578,0.6918695718659533,22,254362,0.05379,25,10,0.3,low
37,Random_Profit,6.907664119502506,0.19376621252777773,0.677605833522781,22,254677,0.053912,25,10,0.3,low
37,Random_Balanced,8.644616769899606,0.19399469051421067,0.7271851860443214,21,247137,0.053006,25,10,0.3,low
37,Random_Carbon,14.406316497989915,0.18017620478882748,1.3822239886170467,18,356719,0.069743,25,10,0.3,low
37,Hungriest_Free HW,14.900527521733235,0.19203769993466693,1.3563164564324095,18,837048,0.14215,25,10,0.3,low
37,Longest_Free HW,9.782860190322312,0.19423635365087513,1.2644605892575151,20,688414,0.118583,25,10,0.3,low
37,Hungriest_Carbon,16.1020702225116,0.18292433413308662,1.5670990631805792,17,838381,0.141321,25,10,0.3,low
37,Longest_Balanced,9.817171061654575,0.193485224038954,1.1954062253861715,20,1090033,0.178852,25,10,0.3,low
37,Random_Free HW,15.301020902499168,0.19378883534919952,1.385050407258931,17,687312,0.119853,25,10,0.3,low
37,MILP,20.674019785902132,0.1939834980790171,1.8172923302617323,14,0,93.268619,25,10,0.3,low
38,Longest_Profit,4.243293708094295,0.19471278083470675,0.521109681273757,23,230123,0.048573,25,10,0.3,low
38,Hungriest_Profit,8.671237947766837,0.19498921801315983,0.7661696689340334,21,283156,0.058041,25,10,0.3,low
38,FIFO_Free HW,13.620332943740355,0.18997452944668602,1.252367997967775,18,350039,0.06784,25,10,0.3,low
38,FIFO_Profit,7.863139305688979,0.19348259519134223,0.5843920390862346,21,410944,0.077019,25,10,0.3,low
38,FIFO_Balanced,13.422869591091569,0.19410906465372144,1.2832614050783975,18,253482,0.052384,25,10,0.3,low
38,FIFO_Carbon,14.389140419713726,0.18147229172034837,1.4211523833988402,18,438167,0.083149,25,10,0.3,low
38,Longest_Carbon,13.271370626589098,0.1820599606163106,1.6831967477829386,18,378193,0.071703,25,10,0.3,low
38,Random_Profit,8.108117807559074,0.19414186667515346,0.5399540514261815,21,236290,0.050727,25,10,0.3,low
38,Longest_Free HW,12.825425732948435,0.19343508662902364,1.4952506713074514,18,675212,0.11681,25,10,0.3,low
38,Longest_Balanced,10.470475449695954,0.1911007688723123,1.33993483445441,20,369169,0.070632,25,10,0.3,low
38,Random_Balanced,14.739802050097497,0.19455015891465607,1.1681438332939562,17,241926,0.051782,25,10,0.3,low
38,Hungriest_Balanced,11.872399167474654,0.19368171261623002,1.1050870981668264,20,261678,0.055606,25,10,0.3,low
38,Random_Carbon,15.366795612455395,0.16656001079854812,1.3445096030743606,17,623619,0.110077,25,10,0.3,low
38,Hungriest_Free HW,14.882658349708358,0.19408601497289965,1.3928305727493666,18,800517,0.137584,25,10,0.3,low
38,Random_Free HW,16.932275135545048,0.1943037708019223,1.4679465066120425,16,657992,0.114463,25,10,0.3,low
38,Hungriest_Carbon,17.513114321353886,0.1937558002721484,1.7287261268835106,16,1218593,0.198758,25,10,0.3,low
38,MILP,21.006716432843348,0.1946732452904614,1.768537879770207,14,0,24.887425,25,10,0.3,low
39,FIFO_Balanced,9.946246630716114,0.19190460581107116,0.8488718523167467,20,322152,0.063387,25,10,0.3,low
39,FIFO_Free HW,9.902640624950429,0.19446745926652914,0.9274648266153597,20,501532,0.088751,25,10,0.3,low
39,FIFO_Carbon,11.97160527201124,0.18113190705480936,1.215120881468275,19,463852,0.084207,25,10,0.3,low
39,Longest_Carbon,11.19684307478753,0.18655842368351283,1.416230591704831,19,676181,0.115807,25,10,0.3,low
39,Random_Balanced,12.368962650123994,0.1946995273611484,1.0501626844537937,19,242699,0.052291,25,10,0.3,low
39,FIFO_Profit,8.650716867200416,0.1944480984924877,0.7103073275415119,21,669110,0.116012,25,10,0.3,low
39,Hungriest_Carbon,13.465388757881225,0.19403294256756193,1.2711013577587535,19,312253,0.063034,25,10,0.3,low
39,Hungriest_Profit,7.035312692263487,0.19376494596340763,0.6845743108283373,22,256533,0.054063,25,10,0.3,low
39,Hungriest_Free HW,9.404070790374263,0.19073315630841492,0.9874079972737396,21,390907,0.075113,25,10,0.3,low
39,Longest_Balanced,10.039184404102919,0.19466675832690047,1.132213183042008,20,304944,0.061634,25,10,0.3,low
39,Hungriest_Balanced,11.519501034091586,0.19403752130791513,1.2013274062777854,20,506168,0.091727,25,10,0.3,low
39,Longest_Profit,5.665364408812324,0.19440279946648678,0.6459408064009446,22,761966,0.132543,25,10,0.3,low
39,Longest_Free HW,9.98619582022212,0.19393586419725423,1.2293409125767307,20,444378,0.083086,25,10,0.3,low
39,Random_Carbon,14.355119506083684,0.13086713744889267,1.2662840745797441,17,907304,0.150398,25,10,0.3,low
39,Random_Profit,7.862603384440273,0.1901848733572613,0.5820339707336681,21,626034,0.114093,25,10,0.3,low
39,Random_Free HW,12.851903161444021,0.19209764939979776,1.2227860588215478,18,1322041,0.215404,25,10,0.3,low
39,MILP,18.706362924539267,0.1946525490751554,1.5177607857277207,15,0,52.585352,25,10,0.3,low
40,FIFO_Profit,7.863139305688979,0.19348259519134223,0.5843920390862346,21,410980,0.076637,25,10,0.3,low
40,FIFO_Carbon,14.388807855588425,0.17245677757584704,1.4146110486398131,18,407546,0.075777,25,10,0.3,low
40,FIFO_Free HW,13.620332943740355,0.18997452944668602,1.252367997967775,18,351483,0.067733,25,10,0.3,low
40,FIFO_Balanced,12.014343759663799,0.19056083991268308,1.1261616466227853,19,386681,0.073757,25,10,0.3,low
40,Longest_Profit,4.243293708094295,0.19471278083470675,0.521109681273757,23,230123,0.048806,25,10,0.3,low
40,Longest_Carbon,13.271370626589098,0.1820599606163106,1.6831967477829386,18,378193,0.071564,25,10,0.3,low
40,Hungriest_Balanced,11.872399167474654,0.19368171261623002,1.1050870981668264,20,261439,0.055294,25,10,0.3,low
40,Random_Profit,5.88606418380117,0.19385363168210712,0.5812730093064329,22,250574,0.053545,25,10,0.3,low
40,Longest_Balanced,10.471123180522714,0.19224648609686568,1.34028665227529,20,355601,0.069359,25,10,0.3,low
40,Random_Balanced,13.57139415187483,0.19275947441496438,1.256079043975486,18,285769,0.0595,25,10,0.3,low
40,Hungriest_Profit,8.671237947766837,0.19498921801315983,0.7661696689340334,21,285480,0.058695,25,10,0.3,low
40,Random_Free HW,14.942173799170877,0.19463939304302033,1.4828642141125377,17,356332,0.069178,25,10,0.3,low
40,Longest_Free HW,12.825425732948435,0.19343508662902364,1.4952506713074514,18,704675,0.122095,25,10,0.3,low
40,Hungriest_Free HW,16.09092690753945,0.19497270949338322,1.5826330529891037,17,885856,0.149106,25,10,0.3,low
40,Random_Carbon,16.93183355697055,0.18698945630417077,1.4800708388502308,16,466609,0.086746,25,10,0.3,low
40,Hungriest_Carbon,17.728166983473788,0.19435615579766388,1.6668437706440962,16,1266915,0.207234,25,10,0.3,low
40,MILP,21.006716432843348,0.19467324529046134,1.768537879770207,14,0,25.153006,25,10,0.3,low
41,FIFO_Profit,7.863139305688979,0.19348259519134223,0.5843920390862346,21,399584,0.075077,25,10,0.3,low
41,FIFO_Free HW,13.620712028342785,0.19199899960447228,1.2554169147171588,18,250039,0.051451,25,10,0.3,low
41,FIFO_Carbon,12.751458916713872,0.1861015636029832,1.3570653494442824,19,446067,0.082215,25,10,0.3,low
41,Longest_Profit,4.243293708094295,0.19471278083470675,0.521109681273757,23,230123,0.048966,25,10,0.3,low
41,Hungriest_Profit,8.671237947766837,0.19498921801315983,0.7661696689340334,21,285245,0.058312,25,10,0.3,low
41,FIFO_Balanced,12.014075113439471,0.19143959284591602,1.1288587455512888,19,354693,0.068392,25,10,0.3,low
41,Longest_Carbon,10.433812392130179,0.18523879050234743,1.4168994562786832,20,340590,0.066108,25,10,0.3,low
41,Random_Profit,7.072702516372628,0.19464543004732263,0.8104034734313033,21,250852,0.052943,25,10,0.3,low
41,Hungriest_Free HW,14.88121704345189,0.18606124792016937,1.3904115903602463,18,690212,0.119371,25,10,0.3,low
41,Longest_Free HW,12.825804817550868,0.19393955678680994,1.495099588056835,18,569861,0.101751,25,10,0.3,low
41,Random_Free HW,11.401479930603502,0.1929892305554004,1.3669846304946502,19,290910,0.061606,25,10,0.3,low
41,Hungriest_Balanced,12.95502834225151,0.1936770558315688,1.2930127519386654,19,801416,0.135935,25,10,0.3,low
41,Hungriest_Carbon,16.30578029193598,0.1914008365524319,1.5394444006038221,17,1216099,0.196918,25,10,0.3,low
41,Random_Carbon,16.47098534007595,0.1922634442452688,1.6030611412052356,16,461605,0.086042,25,10,0.3,low
41,Longest_Balanced,11.456047937431768,0.18906843307305407,1.2570339982599483,19,979162,0.162371,25,10,0.3,low
41,Random_Balanced,13.20193447944065,0.18987181592793917,1.1764757493468831,17,525715,0.098993,25,10,0.3,low
41,MILP,19.69778349793733,0.19368060712043178,1.5898572347222677,15,0,62.646056,25,10,0.3,low
42,FIFO_Carbon,12.75773448504835,0.19434483424714843,1.3537515157488,19,232823,0.048525,25,10,0.3,low
42,FIFO_Balanced,12.016221276040902,0.19413057236675332,1.1276834933708826,19,239785,0.049486,25,10,0.3,low
42,FIFO_Profit,7.863139305688979,0.19348259519134223,0.5843920390862346,21,401772,0.075636,25,10,0.3,low
42,Longest_Profit,4.243293708094295,0.19471278083470675,0.521109681273757,23,230123,0.048372,25,10,0.3,low
42,Longest_Free HW,9.769751628234777,0.1948353514167724,1.3002871292926044,20,483510,0.08726,25,10,0.3,low
42,Longest_Carbon,10.435629248954832,0.18876251923235593,1.4187761508058445,20,340335,0.065791,25,10,0.3,low
42,Random_Carbon,15.032705362117996,0.18554173594567383,1.414461504760438,17,309559,0.062847,25,10,0.3,low
42,Random_Profit,11.110194539215843,0.1942003781316123,0.9437435748450114,18,600579,0.108586,25,10,0.3,low
42,FIFO_Free HW,10.67588682018154,0.19266358005580825,1.0826765873229405,20,884919,0.146419,25,10,0.3,low
42,Hungriest_Profit,8.671237947766837,0.19498921801315983,0.7661696689340334,21,285353,0.05832,25,10,0.3,low
42,Random_Balanced,9.662802182563702,0.19390713976127522,0.8287249944660668,21,246095,0.053615,25,10,0.3,low
42,Hungriest_Carbon,16.30761955299895,0.19059989528096152,1.5319399176541846,17,1297663,0.211469,25,10,0.3,low
42,Hungriest_Free HW,14.670983735860641,0.1918021994648225,1.4481132080742032,18,872941,0.146588,25,10,0.3,low
42,Longest_Balanced,11.238016490210233,0.19492807458189731,1.330152179298123,19,1192749,0.192704,25,10,0.3,low
42,Hungriest_Balanced,13.177041417856527,0.19292282574248865,1.217818514062879,19,719273,0.125099,25,10,0.3,low
42,Random_Free HW,13.980333605576542,0.19472492812030426,1.2362377915800087,18,2132984,0.338813,25,10,0.3,low
42,MILP,19.675029827983316,0.1948579448701451,1.7669779957681522,14,0,48.651992,25,10,0.3,low
43,FIFO_Carbon,14.397796913994283,0.193452863517757,1.4166727370707652,18,231379,0.048893,25,10,0.3,low
43,Longest_Profit,4.243293708094295,0.19471278083470675,0.521109681273757,23,230123,0.048667,25,10,0.3,low
43,FIFO_Free HW,13.620332943740355,0.18997452944668602,1.252367997967775,18,304595,0.060758,25,10,0.3,low
43,FIFO_Profit,7.863139305688979,0.19348259519134223,0.5843920390862346,21,406956,0.076362,25,10,0.3,low
43,Random_Balanced,8.08458148950784,0.19373712929326775,0.855577927026459,21,285820,0.058925,25,10,0.3,low
43,Hungriest_Profit,8.671237947766837,0.19498921801315983,0.7661696689340334,21,284176,0.058741,25,10,0.3,low
43,Hungriest_Balanced,11.536076498447947,0.19486770763092726,1.1585599820405763,20,263774,0.055616,25,10,0.3,low
43,Random_Free HW,14.93440133664186,0.19219551309104185,1.4201382596279166,17,295685,0.060583,25,10,0.3,low
43,Random_Profit,8.944672236303667,0.1930958959815554,0.777549402919711,20,267181,0.056446,25,10,0.3,low
43,Longest_Balanced,10.470475449695954,0.1911007688723123,1.33993483445441,20,365268,0.070797,25,10,0.3,low
43,FIFO_Balanced,13.422869591091569,0.19410906465372144,1.2832614050783975,18,252973,0.052337,25,10,0.3,low
43,Longest_Carbon,11.855751556889148,0.18923096589251626,1.5467093344615175,19,400867,0.075987,25,10,0.3,low
43,Random_Carbon,16.28077616012529,0.18387789772753785,1.425680339315581,17,341988,0.068141,25,10,0.3,low
43,Longest_Free HW,12.615324765346127,0.19453724242027204,1.5452479621908954,18,730239,0.124983,25,10,0.3,low
43,Hungriest_Carbon,17.735376135138523,0.19360879656621346,1.6551441010003693,16,1766529,0.28132,25,10,0.3,low
43,Hungriest_Free HW,16.09088739667354,0.19352556239587673,1.5811154272990806,17,3800625,0.5872,25,10,0.3,low
43,MILP,20.89841811393037,0.1944317180903269,1.8039595840508003,14,0,13.517583,25,10,0.3,low
44,FIFO_Free HW,13.383452386310328,0.19428307634575118,1.363089407286032,18,239895,0.049696,25,10,0.3,low
44,FIFO_Profit,7.863139305688979,0.19348259519134223,0.5843920390862346,21,318699,0.062435,25,10,0.3,low
44,Hungriest_Profit,8.671237947766837,0.19498921801315983,0.7661696689340334,21,284149,0.05813,25,10,0.3,low
44,FIFO_Carbon,15.801857841486232,0.1646003395966012,1.554531920500116,17,420218,0.076682,25,10,0.3,low
44,Longest_Balanced,10.461439373203245,0.19487169658464684,1.3651104260224636,20,266228,0.054549,25,10,0.3,low
44,Random_Profit,12.467428754618684,0.19483272847221916,0.9198190125419811,18,233046,0.050796,25,10,0.3,low
44,Longest_Carbon,12.848193495724594,0.19484366470824777,1.6397557408777024,19,389133,0.074732,25,10,0.3,low
44,Random_Free HW,16.26661330160462,0.18907852155832308,1.4576865433853647,17,266866,0.055686,25,10,0.3,low
44,Hungriest_Carbon,13.908800127487217,0.19472429241182665,1.4646810621144248,19,258020,0.055605,25,10,0.3,low
44,Longest_Free HW,10.424023520901569,0.19449698666856122,1.4386869852449615,20,261514,0.054027,25,10,0.3,low
44,Longest_Profit,4.241506622926689,0.19362932433616864,0.5255340396419568,23,277615,0.056376,25,10,0.3,low
44,FIFO_Balanced,14.838240701511065,0.19217547818480474,1.4314860395961881,17,505088,0.091431,25,10,0.3,low
44,Random_Carbon,17.46990162105068,0.1932039531308416,1.6617134655507473,16,296214,0.060722,25,10,0.3,low
44,Hungriest_Balanced,13.282923188709987,0.19391717579365422,1.260481817164743,19,1473704,0.237719,25,10,0.3,low
44,Hungriest_Free HW,14.671329365739826,0.19359900752032855,1.4470217665906877,18,1500908,0.240043,25,10,0.3,low
44,Random_Balanced,15.001124725884223,0.18620379911423948,1.2614179330279476,18,1446707,0.233995,25,10,0.3,low
44,MILP,21.005637570705538,0.19491350543491395,1.7688226895955304,14,0,47.655886,25,10,0.3,low
45,FIFO_Profit,8.298410234002757,0.19379878226272748,0.8063183436711695,21,235576,0.04922,25,10,0.3,low
45,FIFO_Carbon,14.393117402005526,0.19239502721429752,1.4215503648357724,18,232098,0.048336,25,10,0.3,low
45,FIFO_Free HW,13.60283386504508,0.1821901554887756,1.2884432070063359,18,422233,0.077903,25,10,0.3,low
45,FIFO_Balanced,10.359201115452372,0.19422644105540707,1.104060277035557,20,286254,0.056956,25,10,0.3,low
45,Longest_Profit,7.950126582569151,0.19451753454901155,0.8848747542183485,21,294616,0.059365,25,10,0.3,low
45,Longest_Carbon,10.430013312696456,0.1912469514538983,1.4270258131302391,20,312518,0.061481,25,10,0.3,low
45,Longest_Balanced,9.802114777028416,0.19438544315050124,1.2365679248177892,20,334660,0.065455,25,10,0.3,low
45,Hungriest_Profit,7.025534001794394,0.19447337773968282,0.7275132064304219,22,231049,0.050331,25,10,0.3,low
45,Longest_Free HW,12.60343293896175,0.18873717744091167,1.571916491789819,18,797560,0.133635,25,10,0.3,low
45,Random_Balanced,13.887203008085935,0.194245554674506,1.1794156171443972,18,250103,0.053242,25,10,0.3,low
45,Hungriest_Carbon,14.88600798803957,0.1942542890893613,1.397588981283177,18,411907,0.077003,25,10,0.3,low
45,Hungriest_Balanced,11.872426129192466,0.19446675054492596,1.123667892901506,20,234885,0.051457,25,10,0.3,low
45,Hungriest_Free HW,13.239214855006551,0.18305390639604302,1.331477227895792,19,670855,0.116136,25,10,0.3,low
45,Random_Profit,8.433670755460518,0.19333635764536258,0.7967909268584407,21,265001,0.055519,25,10,0.3,low
45,Random_Carbon,17.131764299628067,0.18158600773144154,1.4225678443368164,16,297878,0.06148,25,10,0.3,low
45,Random_Free HW,16.132693766310805,0.19169820522719933,1.3551010887410553,16,1152335,0.189628,25,10,0.3,low
45,MILP,20.326034364341897,0.17609479302813844,1.598877416277273,14,0,9.523568,25,10,0.3,low
46,FIFO_Profit,7.8615673196503915,0.19390001123012646,0.587351689316942,21,247559,0.051455,25,10,0.3,low
46,FIFO_Carbon,14.393117402005526,0.19239502721429752,1.4215503648357724,18,241517,0.050098,25,10,0.3,low
46,Longest_Profit,4.243293708094295,0.19471278083470675,0.521109681273757,23,230123,0.048424,25,10,0.3,low
46,Longest_Carbon,10.432747321386852,0.18111792939446716,1.411672392010685,20,334524,0.064925,25,10,0.3,low
46,FIFO_Free HW,11.95816218559268,0.19028935856217022,1.239504274163612,19,305027,0.06068,25,10,0.3,low
46,FIFO_Balanced,12.011026724278366,0.1910058824534996,1.134254043115478,19,364390,0.069703,25,10,0.3,low
46,Hungriest_Profit,7.032161031167934,0.1938619994850136,0.6940833689600305,22,265862,0.055738,25,10,0.3,low
46,Hungriest_Free HW,11.824052124636694,0.19485113088090159,1.201230130336746,20,234641,0.050397,25,10,0.3,low
46,Longest_Balanced,11.21227990526816,0.19425439984438722,1.3855359167840722,19,435724,0.08009,25,10,0.3,low
46,Longest_Free HW,12.825240517104508,0.1941157130779954,1.4966943771480916,18,418582,0.079244,25,10,0.3,low
46,Random_Balanced,15.805266748879024,0.19262955965425618,1.3897290686060175,16,251625,0.053591,25,10,0.3,low
46,Hungriest_Balanced,11.878541893960024,0.19462051238336484,1.0951306923249684,20,234364,0.050856,25,10,0.3,low
46,Random_Carbon,15.366575879093336,0.16786007968773353,1.3449819242369894,17,313853,0.064058,25,10,0.3,low
46,Random_Free HW,12.306947272524436,0.19499088363312583,1.1729472118697384,19,240046,0.051799,25,10,0.3,low
46,Random_Profit,7.883105531228344,0.19462356802422184,0.6210966075304263,21,230934,0.050218,25,10,0.3,low
46,Hungriest_Carbon,14.67401680361203,0.19447550244151024,1.4506123148377978,18,898257,0.149191,25,10,0.3,low
46,MILP,18.702979752415523,0.19456671512331197,1.5173559248879833,15,0,99.132653,25,10,0.3,low
47,FIFO_Profit,7.8622150504771495,0.19390572845467982,0.5853035071378221,21,250546,0.052011,25,10,0.3,low
47,Longest_Profit,4.243293708094295,0.19471278083470675,0.521109681273757,23,230123,0.048511,25,10,0.3,low
47,FIFO_Free HW,13.61995385913792,0.18947005928889973,1.2525190812183915,18,365744,0.070173,25,10,0.3,low
47,FIFO_Carbon,14.388807855588425,0.17245677757584704,1.4146110486398131,18,412383,0.07676,25,10,0.3,low
47,Longest_Balanced,10.029530906749969,0.1947846595157984,1.1403317031584654,20,300570,0.060626,25,10,0.3,low
47,FIFO_Balanced,13.422869591091569,0.19410906465372144,1.2832614050783975,18,255921,0.053247,25,10,0.3,low
47,Hungriest_Free HW,11.827433270113026,0.19462709683255344,1.1944235018987441,20,235529,0.051364,25,10,0.3,low
47,Longest_Free HW,9.981286128412094,0.19347911206508409,1.2378169590571952,20,384271,0.073734,25,10,0.3,low
47,Hungriest_Profit,8.671237947766837,0.19498921801315983,0.7661696689340334,21,284291,0.058917,25,10,0.3,low
47,Longest_Carbon,13.271370626589098,0.1820599606163106,1.6831967477829386,18,378193,0.072138,25,10,0.3,low
47,Random_Profit,10.924219866046016,0.19371212594218742,0.7776828258709388,19,247542,0.054402,25,10,0.3,low
47,Hungriest_Balanced,11.872399167474654,0.19368171261623002,1.1050870981668264,20,261547,0.056866,25,10,0.3,low
47,Random_Free HW,6.516426966827202,0.19449501040118522,0.8395766903133468,22,237672,0.050767,25,10,0.3,low
47,Random_Balanced,14.78019026624678,0.19408409963150122,1.156129465374599,17,639585,0.11382,25,10,0.3,low
47,Random_Carbon,17.03168845104413,0.17643785172635024,1.4428659978762548,16,472294,0.087879,25,10,0.3,low
47,Hungriest_Carbon,17.728166983473788,0.19435615579766388,1.6668437706440962,16,1259093,0.203789,25,10,0.3,low
47,MILP,21.007674524385113,0.19463187389612074,1.765473162048037,14,0,42.136007,25,10,0.3,low
48,FIFO_Profit,7.863139305688979,0.19348259519134223,0.5843920390862346,21,412896,0.077156,25,10,0.3,low
48,FIFO_Carbon,12.750678343270692,0.1875172932888895,1.3627486934223136,19,442521,0.08133,25,10,0.3,low
48,Longest_Free HW,8.346059349586282,0.19339366279410622,1.1682009982521633,21,324960,0.063747,25,10,0.3,low
48,FIFO_Balanced,10.376250904345827,0.187726144530836,1.0598494341971265,20,626258,0.109494,25,10,0.3,low
48,Longest_Profit,4.243293708094295,0.19471278083470675,0.521109681273757,23,230123,0.049018,25,10,0.3,low
48,Longest_Carbon,10.438641231903937,0.19451189545599834,1.4119756200545037,20,271160,0.055194,25,10,0.3,low
48,Random_Profit,6.664874015621821,0.1947301169786518,0.7210432929005764,22,239791,0.051273,25,10,0.3,low
48,Hungriest_Carbon,13.250943006535644,0.18843818357461378,1.3221575167552886,19,789077,0.135155,25,10,0.3,low
48,Hungriest_Profit,8.671237947766837,0.19498921801315983,0.7661696689340334,21,284445,0.060061,25,10,0.3,low
48,Random_Balanced,11.257892021731617,0.1949261903331684,1.0187954922225546,19,242882,0.052776,25,10,0.3,low
48,FIFO_Free HW,10.329383209013056,0.1835421963562106,1.1457136576867906,20,882763,0.148541,25,10,0.3,low
48,Hungriest_Balanced,11.874208972667635,0.18311898597387505,1.0908908233875496,20,812556,0.139079,25,10,0.3,low
48,Hungriest_Free HW,11.827127007446624,0.19412823639678858,1.1944373991692074,20,257684,0.05577,25,10,0.3,low
48,Random_Free HW,13.07270105696347,0.19026108431332484,1.1517866108830432,18,406058,0.079999,25,10,0.3,low
48,Longest_Balanced,9.812434142019127,0.1844007402445323,1.198326545930867,20,1025572,0.169881,25,10,0.3,low
48,Random_Carbon,18.575947221123236,0.19363418682736674,1.5950619671478417,15,1567280,0.25417,25,10,0.3,low
48,MILP,19.54016687970387,0.1946622856350159,1.7633446034008253,14,0,62.818899,25,10,0.3,low
49,FIFO_Carbon,15.03705370846129,0.19343397606706952,1.4099908710980342,17,247823,0.051188,25,10,0.3,low
49,FIFO_Profit,7.873817501462359,0.194910684107388,0.5615717419087668,21,273395,0.055349,25,10,0.3,low
49,Longest_Profit,6.29914979994573,0.19436638445618892,0.8248891876643722,22,305124,0.060363,25,10,0.3,low
49,Longest_Free HW,9.768216304505613,0.19412277106065243,1.2884805298353,20,482855,0.087787,25,10,0.3,low
49,FIFO_Balanced,12.01809341978109,0.1913084034981336,1.117130515349037,19,420580,0.078751,25,10,0.3,low
49,Longest_Balanced,10.042348343970255,0.19485309367744524,1.1128838964153485,20,298072,0.059779,25,10,0.3,low
49,FIFO_Free HW,11.969773004498986,0.18815559742903054,1.20864138640945,19,736053,0.125924,25,10,0.3,low
49,Hungriest_Profit,7.035312692263487,0.19376494596340763,0.6845743108283373,22,280183,0.058051,25,10,0.3,low
49,Hungriest_Free HW,10.710644318517804,0.1946262380939451,1.0986258929793653,20,341265,0.069928,25,10,0.3,low
49,Hungriest_Balanced,9.112978073545914,0.1938489156524689,0.9541430277034252,21,306643,0.062606,25,10,0.3,low
49,Random_Profit,8.422033108353196,0.1946849589995237,0.8002381463119099,21,246306,0.052983,25,10,0.3,low
49,Random_Carbon,18.216624366951685,0.1844405606381219,1.6095721576276636,15,402506,0.076327,25,10,0.3,low
49,Longest_Carbon,10.429205937511712,0.1842874246531661,1.4243479497944076,20,382010,0.073565,25,10,0.3,low
49,Random_Balanced,12.90032258345012,0.1944361880531661,1.0728148148833654,18,430976,0.08092,25,10,0.3,low
49,Random_Free HW,13.20766936961916,0.19162175156253702,1.0742495018506144,18,521616,0.102497,25,10,0.3,low
49,Hungriest_Carbon,14.674685059182611,0.19346905759957372,1.4528062555773409,18,796523,0.134205,25,10,0.3,low
49,MILP,20.354611433581216,0.19483663215752003,1.553971782353731,14,0,36.144915,25,10,0.3,low
